[{"model": "accounts.user", "pk": 1, "fields": {"password": "pbkdf2_sha256$600000$p9bCLgH2rN9en61FSzoVUN$jrs1QmaveLWlcLXaW1Jj84xlT5FSYP9p8aMK+uGwJ1M=", "last_login": "2023-11-22T07:06:38.828Z", "is_superuser": true, "username": "admin", "first_name": "", "last_name": "", "email": "", "is_staff": true, "is_active": true, "date_joined": "2023-11-21T00:21:30.000Z", "groups": [], "user_permissions": []}}, {"model": "accounts.user", "pk": 2, "fields": {"password": "pbkdf2_sha256$600000$tniroCMK0zkcjBS9Pmr6gQ$uZMjC26nF0C48atfiopREzbhE1v8SOY2OsrL+1n1GGc=", "last_login": "2023-11-22T06:09:52.195Z", "is_superuser": false, "username": "soul", "first_name": "", "last_name": "", "email": "", "is_staff": false, "is_active": true, "date_joined": "2023-11-21T02:57:03.620Z", "groups": [], "user_permissions": []}}, {"model": "accounts.user", "pk": 3, "fields": {"password": "pbkdf2_sha256$600000$qq6jQUFKkFpvnhqQhyh5pd$2Aykzwd8B7ngNMSlbeEBRsqYIkqQ/Kkpn4HDtNHZ4LE=", "last_login": "2023-11-21T07:49:54.102Z", "is_superuser": false, "username": "tree", "first_name": "", "last_name": "", "email": "", "is_staff": false, "is_active": true, "date_joined": "2023-11-21T06:13:34.505Z", "groups": [], "user_permissions": []}}, {"model": "accounts.user", "pk": 4, "fields": {"password": "pbkdf2_sha256$600000$gXFtbvV635VTmbgATQ0h4c$gu+FR8Ubv8LhgyZKCq/8wJdjQc/YAYpWksjfmfe6JqE=", "last_login": "2023-11-21T06:58:31.862Z", "is_superuser": false, "username": "test003", "first_name": "", "last_name": "", "email": "", "is_staff": false, "is_active": true, "date_joined": "2023-11-21T06:58:31.542Z", "groups": [], "user_permissions": []}}, {"model": "accounts.user", "pk": 5, "fields": {"password": "pbkdf2_sha256$600000$JLUOvAXLhGnlQZPUdajDeX$++ZsB+5uG0klDKNJznpu9RLe406hFWCYplcKR0sJmXg=", "last_login": "2023-11-21T06:58:42.127Z", "is_superuser": false, "username": "test005", "first_name": "", "last_name": "", "email": "", "is_staff": false, "is_active": true, "date_joined": "2023-11-21T06:58:41.809Z", "groups": [], "user_permissions": []}}, {"model": "accounts.user", "pk": 6, "fields": {"password": "pbkdf2_sha256$600000$8d0gU4GxyrlWijCJtVwkXZ$1tmgMOKkeUt6+TI7UND8+9rBda8gsfixPhJfQ/o/qp0=", "last_login": "2023-11-21T06:58:50.793Z", "is_superuser": false, "username": "test015", "first_name": "", "last_name": "", "email": "", "is_staff": false, "is_active": true, "date_joined": "2023-11-21T06:58:50.488Z", "groups": [], "user_permissions": []}}, {"model": "accounts.user", "pk": 7, "fields": {"password": "pbkdf2_sha256$600000$Hti7dTjgxq6SppVyOAKKbi$tiYdShzl5gZA5fs3JzM5FUxOeTxBTxM2iZDjS9J0tp8=", "last_login": "2023-11-21T06:58:59.717Z", "is_superuser": false, "username": "test01428", "first_name": "", "last_name": "", "email": "", "is_staff": false, "is_active": true, "date_joined": "2023-11-21T06:58:59.398Z", "groups": [], "user_permissions": []}}, {"model": "accounts.user", "pk": 8, "fields": {"password": "pbkdf2_sha256$600000$iNxRnUfqqmCNHqa9U2CapU$roCvXuJ1o/zKsv1t6SzabEhmnak2KN2irAmyv0cywSg=", "last_login": "2023-11-21T06:59:08.978Z", "is_superuser": false, "username": "awtawt", "first_name": "", "last_name": "", "email": "", "is_staff": false, "is_active": true, "date_joined": "2023-11-21T06:59:08.653Z", "groups": [], "user_permissions": []}}, {"model": "accounts.user", "pk": 9, "fields": {"password": "pbkdf2_sha256$600000$KRa6NZwxNkbZGqxzouMX9B$R7jyBGGCSpM9MW7TSmTC6kTyLMDm2ddvySGnWK5Xjpk=", "last_login": "2023-11-21T06:59:21.711Z", "is_superuser": false, "username": "tawews", "first_name": "", "last_name": "", "email": "", "is_staff": false, "is_active": true, "date_joined": "2023-11-21T06:59:21.388Z", "groups": [], "user_permissions": []}}, {"model": "accounts.user", "pk": 10, "fields": {"password": "pbkdf2_sha256$600000$lMgaHvJUkHvHsH7Y5QgKUW$oPFv+1iHopdb7qZXD2OkNL2dnXA9tIie820r+ei9dxk=", "last_login": "2023-11-21T06:59:36.343Z", "is_superuser": false, "username": "fawtgfwqa", "first_name": "", "last_name": "", "email": "", "is_staff": false, "is_active": true, "date_joined": "2023-11-21T06:59:36.036Z", "groups": [], "user_permissions": []}}, {"model": "community.post", "pk": 1, "fields": {"title": "test 001", "content": "내용 001", "user": 1, "created_at": "2023-11-21T00:39:47.404Z", "updated_at": "2023-11-21T00:39:47.404Z", "like_users": [1, 2]}}, {"model": "community.post", "pk": 2, "fields": {"title": "test 002", "content": "내용 002", "user": 1, "created_at": "2023-11-21T05:22:48.253Z", "updated_at": "2023-11-21T05:22:48.253Z", "like_users": []}}, {"model": "community.post", "pk": 3, "fields": {"title": "fwa", "content": "wfa", "user": 3, "created_at": "2023-11-22T02:17:06.501Z", "updated_at": "2023-11-22T02:17:06.501Z", "like_users": []}}, {"model": "community.post", "pk": 5, "fields": {"title": "ㄱ2ㅂㄱ", "content": "ㄱㅂ2ㄱㄱㅂㅈ", "user": 1, "created_at": "2023-11-22T05:53:46.905Z", "updated_at": "2023-11-22T05:55:28.801Z", "like_users": [2]}}, {"model": "community.post", "pk": 7, "fields": {"title": "ㄹㅈㅁ", "content": "ㄻㅈ", "user": 2, "created_at": "2023-11-22T06:46:45.966Z", "updated_at": "2023-11-22T06:46:45.966Z", "like_users": []}}, {"model": "community.post", "pk": 8, "fields": {"title": "ㅇㅁㅈ", "content": "ㅈㅁㅇㄹ", "user": 2, "created_at": "2023-11-22T06:55:05.678Z", "updated_at": "2023-11-22T06:55:05.678Z", "like_users": []}}, {"model": "community.post", "pk": 9, "fields": {"title": "ㄹㅇㅈㅁ", "content": "ㅈㅁㄹ", "user": 2, "created_at": "2023-11-22T06:57:18.253Z", "updated_at": "2023-11-22T06:57:18.253Z", "like_users": []}}, {"model": "community.comment", "pk": 103, "fields": {"post": 3, "parent": null, "content": "fawwf", "user": 3, "created_at": "2023-11-22T02:44:38.941Z", "updated_at": "2023-11-22T02:44:38.941Z", "lft": 1, "rght": 10, "tree_id": 8, "level": 0, "like_users": []}}, {"model": "community.comment", "pk": 104, "fields": {"post": 3, "parent": null, "content": "sgte", "user": 3, "created_at": "2023-11-22T02:44:46.795Z", "updated_at": "2023-11-22T02:44:46.795Z", "lft": 1, "rght": 2, "tree_id": 9, "level": 0, "like_users": []}}, {"model": "community.comment", "pk": 106, "fields": {"post": 3, "parent": 103, "content": "ㅁㄹㅈ", "user": 3, "created_at": "2023-11-22T02:56:57.283Z", "updated_at": "2023-11-22T02:56:57.283Z", "lft": 2, "rght": 9, "tree_id": 8, "level": 1, "like_users": []}}, {"model": "community.comment", "pk": 107, "fields": {"post": 3, "parent": 106, "content": "ㅎㄴㄷㅎ", "user": 3, "created_at": "2023-11-22T02:57:04.463Z", "updated_at": "2023-11-22T02:58:36.382Z", "lft": 3, "rght": 8, "tree_id": 8, "level": 2, "like_users": []}}, {"model": "community.comment", "pk": 108, "fields": {"post": 3, "parent": 107, "content": "ㄹㅈㅁㅈㄻㅈㅁㄹ", "user": 3, "created_at": "2023-11-22T02:57:25.616Z", "updated_at": "2023-11-22T02:57:25.616Z", "lft": 4, "rght": 7, "tree_id": 8, "level": 3, "like_users": []}}, {"model": "community.comment", "pk": 109, "fields": {"post": 3, "parent": 108, "content": "ㅎㄴㄷㅎㄴㄷㅎㄷㄴ", "user": 3, "created_at": "2023-11-22T02:57:30.979Z", "updated_at": "2023-11-22T02:57:30.979Z", "lft": 5, "rght": 6, "tree_id": 8, "level": 4, "like_users": []}}, {"model": "community.comment", "pk": 127, "fields": {"post": 1, "parent": null, "content": "ㅈㅇ", "user": 1, "created_at": "2023-11-22T05:59:12.745Z", "updated_at": "2023-11-22T05:59:12.745Z", "lft": 1, "rght": 2, "tree_id": 10, "level": 0, "like_users": []}}, {"model": "community.comment", "pk": 128, "fields": {"post": 9, "parent": null, "content": "ㄹㅈㅁ", "user": 2, "created_at": "2023-11-22T06:57:21.030Z", "updated_at": "2023-11-22T06:57:21.030Z", "lft": 1, "rght": 2, "tree_id": 11, "level": 0, "like_users": []}}, {"model": "community.notify", "pk": 14, "fields": {"user": 1, "content": "fwa", "id_of_content": 1, "read": true}}, {"model": "community.notify", "pk": 15, "fields": {"user": 1, "content": "fwaf", "id_of_content": 1, "read": true}}, {"model": "community.notify", "pk": 16, "fields": {"user": 1, "content": "fwa", "id_of_content": 1, "read": true}}, {"model": "community.notify", "pk": 17, "fields": {"user": 1, "content": "fwa", "id_of_content": 1, "read": true}}, {"model": "community.notify", "pk": 18, "fields": {"user": 1, "content": "나나ㅏㄴ나ㅏ", "id_of_content": 1, "read": true}}, {"model": "community.notify", "pk": 19, "fields": {"user": 1, "content": "나나ㅏㄴ나ㅏ", "id_of_content": 1, "read": true}}, {"model": "community.notify", "pk": 20, "fields": {"user": 1, "content": "ㅎㅁㄷ", "id_of_content": 1, "read": true}}, {"model": "community.notify", "pk": 21, "fields": {"user": 1, "content": "gaege", "id_of_content": 1, "read": true}}, {"model": "community.notify", "pk": 22, "fields": {"user": 1, "content": "gawe", "id_of_content": 1, "read": true}}, {"model": "community.notify", "pk": 23, "fields": {"user": 1, "content": "fawfw", "id_of_content": 1, "read": true}}, {"model": "community.notify", "pk": 24, "fields": {"user": 1, "content": "ㄹㅈㅁ", "id_of_content": 1, "read": true}}, {"model": "community.notify", "pk": 25, "fields": {"user": 1, "content": "ㄹㅈㅁ", "id_of_content": 1, "read": true}}, {"model": "community.notify", "pk": 26, "fields": {"user": 1, "content": "ㄹㅈㅁ", "id_of_content": 1, "read": true}}, {"model": "community.notify", "pk": 27, "fields": {"user": 1, "content": "ㄱ옷ㅎ", "id_of_content": 1, "read": true}}, {"model": "community.notify", "pk": 28, "fields": {"user": 1, "content": "ㄹㅈㅁ", "id_of_content": 1, "read": true}}, {"model": "community.notify", "pk": 29, "fields": {"user": 1, "content": "ㅗ4ㄷㄱ조ㅠㅈㄴ", "id_of_content": 1, "read": true}}, {"model": "community.notify", "pk": 30, "fields": {"user": 1, "content": "ㄻㅈ", "id_of_content": 1, "read": true}}, {"model": "community.notify", "pk": 31, "fields": {"user": 1, "content": "ㅎㄴㄷ", "id_of_content": 1, "read": true}}, {"model": "community.notify", "pk": 32, "fields": {"user": 1, "content": "ㄹㅈㅁ", "id_of_content": 1, "read": true}}, {"model": "community.notify", "pk": 33, "fields": {"user": 1, "content": "ㄻㅈ", "id_of_content": 1, "read": true}}, {"model": "community.notify", "pk": 34, "fields": {"user": 1, "content": "ㄻㅈ", "id_of_content": 1, "read": true}}, {"model": "community.notify", "pk": 35, "fields": {"user": 1, "content": "ㅎㅈㅁ", "id_of_content": 1, "read": true}}, {"model": "community.notify", "pk": 36, "fields": {"user": 1, "content": "ㅎㅁㄷ", "id_of_content": 1, "read": true}}, {"model": "community.notify", "pk": 37, "fields": {"user": 1, "content": "ㅁㅈㅎ", "id_of_content": 1, "read": true}}, {"model": "community.notify", "pk": 38, "fields": {"user": 1, "content": "ㄱ도", "id_of_content": 1, "read": true}}, {"model": "community.notify", "pk": 39, "fields": {"user": 1, "content": "ㅗㅂㄷㅈㅁ", "id_of_content": 1, "read": true}}, {"model": "community.notify", "pk": 40, "fields": {"user": 1, "content": "ㄹㅈㅁ", "id_of_content": 1, "read": true}}, {"model": "community.notify", "pk": 41, "fields": {"user": 1, "content": "faw", "id_of_content": 1, "read": true}}, {"model": "community.notify", "pk": 43, "fields": {"user": 1, "content": "raw", "id_of_content": 1, "read": true}}, {"model": "community.notify", "pk": 44, "fields": {"user": 1, "content": "ㄹㅈㅁ", "id_of_content": 1, "read": true}}, {"model": "community.notify", "pk": 45, "fields": {"user": 1, "content": "ㄹㅈㅁ", "id_of_content": 1, "read": true}}, {"model": "community.notify", "pk": 46, "fields": {"user": 1, "content": "ㅈㄻ", "id_of_content": 1, "read": true}}, {"model": "community.notify", "pk": 47, "fields": {"user": 1, "content": "ㄻㅈㅁㅈㄹㅈㅁㄹ", "id_of_content": 1, "read": true}}, {"model": "community.notify", "pk": 48, "fields": {"user": 1, "content": "fwawfawfa", "id_of_content": 1, "read": true}}, {"model": "community.notify", "pk": 49, "fields": {"user": 1, "content": "wfawfawaf", "id_of_content": 1, "read": true}}, {"model": "community.notify", "pk": 50, "fields": {"user": 1, "content": "gresgsegessegseg", "id_of_content": 1, "read": true}}, {"model": "community.notify", "pk": 51, "fields": {"user": 1, "content": "awgffffffff", "id_of_content": 1, "read": true}}, {"model": "community.notify", "pk": 52, "fields": {"user": 1, "content": "wfawfawaf", "id_of_content": 1, "read": true}}, {"model": "community.notify", "pk": 53, "fields": {"user": 1, "content": "gesesgseg", "id_of_content": 1, "read": true}}, {"model": "community.notify", "pk": 54, "fields": {"user": 1, "content": "hrewggewgew", "id_of_content": 1, "read": true}}, {"model": "community.notify", "pk": 55, "fields": {"user": 1, "content": "fwawafwfa", "id_of_content": 1, "read": true}}, {"model": "community.notify", "pk": 56, "fields": {"user": 1, "content": "fwawafwfa", "id_of_content": 1, "read": true}}, {"model": "community.notify", "pk": 57, "fields": {"user": 1, "content": "faws", "id_of_content": 1, "read": true}}, {"model": "community.notify", "pk": 58, "fields": {"user": 1, "content": "faws", "id_of_content": 1, "read": true}}, {"model": "community.notify", "pk": 59, "fields": {"user": 1, "content": "afw", "id_of_content": 1, "read": true}}, {"model": "community.notify", "pk": 60, "fields": {"user": 3, "content": "afw", "id_of_content": 1, "read": false}}, {"model": "exchange_info.exchangeinfo", "pk": "AED", "fields": {"cur_nm": "아랍에미리트 디르함", "deal_bas_r": "351.87"}}, {"model": "exchange_info.exchangeinfo", "pk": "AUD", "fields": {"cur_nm": "호주 달러", "deal_bas_r": "848.27"}}, {"model": "exchange_info.exchangeinfo", "pk": "BHD", "fields": {"cur_nm": "바레인 디나르", "deal_bas_r": "3,431.76"}}, {"model": "exchange_info.exchangeinfo", "pk": "BND", "fields": {"cur_nm": "브루나이 달러", "deal_bas_r": "966.21"}}, {"model": "exchange_info.exchangeinfo", "pk": "CAD", "fields": {"cur_nm": "캐나다 달러", "deal_bas_r": "941.85"}}, {"model": "exchange_info.exchangeinfo", "pk": "CHF", "fields": {"cur_nm": "스위스 프랑", "deal_bas_r": "1,461"}}, {"model": "exchange_info.exchangeinfo", "pk": "CNH", "fields": {"cur_nm": "위안화", "deal_bas_r": "179.57"}}, {"model": "exchange_info.exchangeinfo", "pk": "DKK", "fields": {"cur_nm": "덴마아크 크로네", "deal_bas_r": "189.71"}}, {"model": "exchange_info.exchangeinfo", "pk": "EUR", "fields": {"cur_nm": "유로", "deal_bas_r": "1,414.4"}}, {"model": "exchange_info.exchangeinfo", "pk": "GBP", "fields": {"cur_nm": "영국 파운드", "deal_bas_r": "1,617.05"}}, {"model": "exchange_info.exchangeinfo", "pk": "HKD", "fields": {"cur_nm": "홍콩 달러", "deal_bas_r": "165.85"}}, {"model": "exchange_info.exchangeinfo", "pk": "IDR(100)", "fields": {"cur_nm": "인도네시아 루피아", "deal_bas_r": "8.37"}}, {"model": "exchange_info.exchangeinfo", "pk": "JPY(100)", "fields": {"cur_nm": "일본 옌", "deal_bas_r": "871.89"}}, {"model": "exchange_info.exchangeinfo", "pk": "KRW", "fields": {"cur_nm": "한국 원", "deal_bas_r": "1"}}, {"model": "exchange_info.exchangeinfo", "pk": "KWD", "fields": {"cur_nm": "쿠웨이트 디나르", "deal_bas_r": "4,193.93"}}, {"model": "exchange_info.exchangeinfo", "pk": "MYR", "fields": {"cur_nm": "말레이지아 링기트", "deal_bas_r": "276.89"}}, {"model": "exchange_info.exchangeinfo", "pk": "NOK", "fields": {"cur_nm": "노르웨이 크로네", "deal_bas_r": "120.79"}}, {"model": "exchange_info.exchangeinfo", "pk": "NZD", "fields": {"cur_nm": "뉴질랜드 달러", "deal_bas_r": "780.87"}}, {"model": "exchange_info.exchangeinfo", "pk": "SAR", "fields": {"cur_nm": "사우디 리얄", "deal_bas_r": "344.59"}}, {"model": "exchange_info.exchangeinfo", "pk": "SEK", "fields": {"cur_nm": "스웨덴 크로나", "deal_bas_r": "123.73"}}, {"model": "exchange_info.exchangeinfo", "pk": "SGD", "fields": {"cur_nm": "싱가포르 달러", "deal_bas_r": "966.21"}}, {"model": "exchange_info.exchangeinfo", "pk": "THB", "fields": {"cur_nm": "태국 바트", "deal_bas_r": "36.73"}}, {"model": "exchange_info.exchangeinfo", "pk": "USD", "fields": {"cur_nm": "미국 달러", "deal_bas_r": "1,292.4"}}, {"model": "fin_product.depositproducts", "pk": "00320342", "fields": {"dcls_month": 202311, "kor_co_nm": "한국스탠다드차타드은행", "fin_prdt_nm": "e-그린세이브예금", "etc_note": "디지털채널 전용상품 (인터넷, 모바일뱅킹)", "join_deny": 1, "join_member": "개인(개인사업자 포함)", "join_way": "인터넷,스마트폰", "max_limit": 499999999, "spcl_cnd": "1.SC제일은행 최초 거래 신규고객에 대하여 우대 이율을 제공함 (보너스이율0.2%)                     2.SC제일마이백통장에서 출금하여 이 예금을 신규하는경우에 보너스이율을 제공함\n(가입기간:1년제/ 보너스이율:0.1% / 만기해약하는 경우에 한해 보너스이율을 적용함)"}}, {"model": "fin_product.depositproducts", "pk": "01013000110000000001", "fields": {"dcls_month": 202311, "kor_co_nm": "주식회사 케이뱅크", "fin_prdt_nm": "코드K 정기예금", "etc_note": "가입금액 : 1백만원 이상\n가입기간 : 1개월~36개월", "join_deny": 1, "join_member": "만 17세 이상 실명의 개인 및 개인사업자", "join_way": "스마트폰", "max_limit": 1000000000, "spcl_cnd": "우대조건 없음"}}, {"model": "fin_product.depositproducts", "pk": "010300100335", "fields": {"dcls_month": 202311, "kor_co_nm": "국민은행", "fin_prdt_nm": "KB Star 정기예금", "etc_note": "- 가입금액 : 1백만원 이상", "join_deny": 1, "join_member": "실명의 개인 또는 개인사업자", "join_way": "인터넷,스마트폰", "max_limit": null, "spcl_cnd": "해당무"}}, {"model": "fin_product.depositproducts", "pk": "01030500510002", "fields": {"dcls_month": 202311, "kor_co_nm": "부산은행", "fin_prdt_nm": "LIVE정기예금", "etc_note": "1. 가입금액 :\n   1천만원 이상\n2. 가입기간 : \n1개월 이상 60개월 이하(일단위)\n3. 월이자지급식/만기일시지급식", "join_deny": 1, "join_member": "제한없음", "join_way": "영업점,인터넷", "max_limit": null, "spcl_cnd": "*해당사항없음"}}, {"model": "fin_product.depositproducts", "pk": "01030500560002", "fields": {"dcls_month": 202311, "kor_co_nm": "부산은행", "fin_prdt_nm": "더(The) 특판 정기예금", "etc_note": "1. 가입금액 : 1백만원 이상 제한없음 (원단위)\n2. 가입기간 : 1개월, 3개월, 6개월, 1년, 2년, 3년\n3. 이자지급방식 : 만기일시지급식", "join_deny": 1, "join_member": "실명의 개인", "join_way": "인터넷,스마트폰", "max_limit": null, "spcl_cnd": "* 우대이율(최대 0.40%p)\n가. 모바일뱅킹 금융정보 및 혜택알림 동의 우대이율 : 0.10%p\n나. 이벤트 우대이율 : 최대 0.30%p \n① 더(The) 특판 정기예금 신규고객 우대이율 : 0.30%p\n② 가입금액 1.5억원 이상 가입시 : 0.15%p\n※ 단,①과 ②의 우대이율은 중복 불가(중복 시, ①의 우대이율 적용)"}}, {"model": "fin_product.depositproducts", "pk": "01030500600002", "fields": {"dcls_month": 202311, "kor_co_nm": "부산은행", "fin_prdt_nm": "더(The) 레벨업 정기예금", "etc_note": "1. 가입금액 : 1백만원 이상 제한없음 (원단위)\n2. 가입기간 : 6개월, 1년\n3. 이자지급방식 : 만기일시지급식", "join_deny": 1, "join_member": "제한없음", "join_way": "스마트폰", "max_limit": null, "spcl_cnd": "*우대이율(최대 0.40%p)\n가. 모바일뱅킹 금융정보 및 혜택알림 동의 우대이율 : 0.10%p\n나. 이벤트 우대이율 : 최대 0.30%p\n① 비대면 정기예금 재예치 우대이율  : 0.30%\n② 거래실적 우대이율  : 최대 0.30%p\n※ 단,①과 ②의 우대이율은 중복 불가"}}, {"model": "fin_product.depositproducts", "pk": "01211310121", "fields": {"dcls_month": 202311, "kor_co_nm": "중소기업은행", "fin_prdt_nm": "IBK평생한가족통장(실세금리정기예금)", "etc_note": "계좌 수 제한 없으며, 최소 1백만원 이상 통합한도 1억원 이내 가입 가능", "join_deny": 1, "join_member": "실명의 개인\n(개인사업자 제외)", "join_way": "영업점,인터넷,스마트폰", "max_limit": 100000000, "spcl_cnd": "최고 연 0.20%p\n\n-고객별 우대 : 최고 연 0.05%p\n 1. 최초신규고객 : 연 0.05%p\n 2. 재예치고객 : 연 0.05%p\n 3. 장기거래고객 : 연 0.05%p\n\n-주거래우대 : 연 0.15%p"}}, {"model": "fin_product.depositproducts", "pk": "01211310127", "fields": {"dcls_month": 202311, "kor_co_nm": "중소기업은행", "fin_prdt_nm": "i-ONE놀이터예금", "etc_note": "계좌 수 제한 없으며, 최소 1백만원 이상\n통합한도 3천만원 이내 가입 가능", "join_deny": 1, "join_member": "실명의 개인\n(개인사업자 제외)", "join_way": "인터넷,스마트폰", "max_limit": 30000000, "spcl_cnd": "- i-ONE BANK(개인)을 통해 수행한 미션 스탬프 수에 따라 최고 연 0.30%p 우대\n1. 스탬프 2~4개 적립 : 연 0.1%p\n2. 스탬프 5~9개 적립 : 연 0.2%p\n3. 스탬프 10개 적립 : 연 0.3%p"}}, {"model": "fin_product.depositproducts", "pk": "01211310130", "fields": {"dcls_month": 202311, "kor_co_nm": "중소기업은행", "fin_prdt_nm": "1석7조통장(정기예금)", "etc_note": "계좌 수 제한 없으며, 최소 1백만원 이상 납입한도 제한 없음", "join_deny": 1, "join_member": "실명의 개인\n(개인사업자 제외)", "join_way": "인터넷,스마트폰", "max_limit": null, "spcl_cnd": "없음"}}, {"model": "fin_product.depositproducts", "pk": "05100", "fields": {"dcls_month": 202311, "kor_co_nm": "한국산업은행", "fin_prdt_nm": "정기예금", "etc_note": "해당없음", "join_deny": 1, "join_member": "제한없음", "join_way": "영업점,인터넷", "max_limit": null, "spcl_cnd": "해당없음"}}, {"model": "fin_product.depositproducts", "pk": "06492", "fields": {"dcls_month": 202311, "kor_co_nm": "한국산업은행", "fin_prdt_nm": "KDB 정기예금", "etc_note": "해당없음", "join_deny": 1, "join_member": "제한없음", "join_way": "영업점,인터넷,스마트폰", "max_limit": null, "spcl_cnd": "해당없음"}}, {"model": "fin_product.depositproducts", "pk": "10-003-1225-0001", "fields": {"dcls_month": 202311, "kor_co_nm": "농협은행주식회사", "fin_prdt_nm": "NH왈츠회전예금 II", "etc_note": "※ 기본금리 및 최고 우대금리 항목은 가입기간이 아닌 ‘회전주기’기간별 금리를 공시\n - 회전주기는 1개월 이상 12개월 이내 월단위로 선택 가능\n※ 전월취급평균금리는 본 홈페이지에 공시되지 않는 회전기간 6개월 미만의 계좌들도 포함하여 산출하기 때문에 회전기간별로 공시된 기본금리보다 낮게 보여질 수 있음", "join_deny": 1, "join_member": "개인", "join_way": "영업점,인터넷,스마트폰", "max_limit": null, "spcl_cnd": "1. 급여이체실적(50만원 이상)이 있는 경우 : 0.1%p\n2. 트리플 회전 우대이율 :  4회전기간부터 0.1%p"}}, {"model": "fin_product.depositproducts", "pk": "10-003-1381-0001", "fields": {"dcls_month": 202311, "kor_co_nm": "농협은행주식회사", "fin_prdt_nm": "NH내가Green초록세상예금", "etc_note": "1. 300만원이상 가입\n2. 온실가스 줄이기 실천서약서 동의시 가입가능\n3. 신규가입 계좌당 2천원씩 녹색환경기금 적립\n※ 자세한 사항은 상품설명서 참조", "join_deny": 1, "join_member": "개인", "join_way": "영업점,인터넷,스마트폰", "max_limit": null, "spcl_cnd": "※ 우대금리 최대한도 : 0.4%p(연%, 세전)\n1. 온실가스 줄이기 실천서약서 동의 : 0.1%p\n2. 통장미발급 : 0.1%p\n3. 손하나로인증 서비스 등록 : 0.1%p\n4. NH내가Green초록세상적금 동시 보유 : 0.1%p"}}, {"model": "fin_product.depositproducts", "pk": "10-003-1384-0001", "fields": {"dcls_month": 202311, "kor_co_nm": "농협은행주식회사", "fin_prdt_nm": "NH올원e예금", "etc_note": "1. 10만원 이상 10억원 이내 가입", "join_deny": 1, "join_member": "개인", "join_way": "인터넷,스마트폰", "max_limit": 1000000000, "spcl_cnd": "12개월 가입 시, 특별우대금리 0.1%p"}}, {"model": "fin_product.depositproducts", "pk": "10-003-1387-0001", "fields": {"dcls_month": 202311, "kor_co_nm": "농협은행주식회사", "fin_prdt_nm": "NH고향사랑기부예금", "etc_note": "1. 100만원 이상 가입\n2. 고향사랑기부금 우대금리는 농협은행/농축협 영업점 또는 고향사랑e음 홈페이지를 통한 고향사랑기부금 납부실적이 확인되는 경우 제공\n3. 연간 판매액의 0.1% 공익기금 적립\n\n※ 법인고객도 가입가능(자세한 사항은 상품설명서 참조)", "join_deny": 1, "join_member": "개인", "join_way": "영업점,인터넷,스마트폰", "max_limit": null, "spcl_cnd": "1. 고향사랑기부금 납부고객 우대 : 0.5%p\n\n2-1. 만65세 이상 고령자 우대 : 0.1%p\n2-2. 만 19~34세 MZ고객 우대 : 0.1%p\n \n3. 고향사랑 특별금리 : 0.1%p (금리시장상황에 따라 변동 가능)\n - 고향사랑 특별금리는 상품 가입고객 모두에게 적용"}}, {"model": "fin_product.depositproducts", "pk": "10-01-20-024-0046-0000", "fields": {"dcls_month": 202311, "kor_co_nm": "전북은행", "fin_prdt_nm": "JB 다이렉트예금통장\n(만기일시지급식)", "etc_note": "가입금액 1계좌당 1백만원이상 10억원이하,\n1인당  총 10억원 이하,\n인터넷/스마트폰뱅킹 가입상품", "join_deny": 1, "join_member": "실명의 개인(임의단체 제외)", "join_way": "인터넷,스마트폰", "max_limit": 1000000000, "spcl_cnd": "우대조건\n없음"}}, {"model": "fin_product.depositproducts", "pk": "10-01-20-024-0059-0000", "fields": {"dcls_month": 202311, "kor_co_nm": "전북은행", "fin_prdt_nm": "JB 123 정기예금\n (만기일시지급식)", "etc_note": "예금의 신규 : 인터넷뱅킹, 모바일뱅킹, 모바일웹, BDT\n예금의 해지 : 인터넷뱅킹, 모바일뱅킹, 영업점\n가입금액 최저 1백만원이상 고객별 5억원 이사 (다만 자동재예치시 이자 원가로 인한 5억원 초과는 가능), 계좌수 관계없이 가입가능", "join_deny": 1, "join_member": "실명의 개인 또는 개인사업자 (1인 다계좌 가입 가능함)", "join_way": "인터넷,스마트폰", "max_limit": 500000000, "spcl_cnd": "자동재예치 우대이율\n1회차 0.1%,\n2회차 0.2%,\n3회차 0.3%"}}, {"model": "fin_product.depositproducts", "pk": "10-01-20-388-0002", "fields": {"dcls_month": 202311, "kor_co_nm": "주식회사 카카오뱅크", "fin_prdt_nm": "카카오뱅크 정기예금", "etc_note": "1. 가입방법 : 스마트폰\n2. 가입금액 : 100만원 이상(원단위)\n3. 가입기간 : 1개월 이상 ~ 36개월 이하(월, 일단위 지정 가능)", "join_deny": 1, "join_member": "만 17세 이상의 실명의 개인", "join_way": "스마트폰", "max_limit": null, "spcl_cnd": "※복잡한 우대조건 없이 가입가능한 정기예금"}}, {"model": "fin_product.depositproducts", "pk": "1001202000002", "fields": {"dcls_month": 202311, "kor_co_nm": "토스뱅크 주식회사", "fin_prdt_nm": "토스뱅크 먼저 이자 받는 정기예금", "etc_note": "· 계약기간 : 3개월, 6개월 \n· 가입금액 : 최소 1백만원 최대 10억원", "join_deny": 1, "join_member": "토스뱅크 통장 또는 토스뱅크 서브 통장을 보유한 만 17세 이상 실명의 개인", "join_way": "스마트폰", "max_limit": 1000000000, "spcl_cnd": "우대조건 없음"}}, {"model": "fin_product.depositproducts", "pk": "10120110400011", "fields": {"dcls_month": 202311, "kor_co_nm": "수협은행", "fin_prdt_nm": "Sh평생주거래우대예금\n(만기일시지급식)", "etc_note": "- 1인 1계좌\n- 최저 100만원 이상", "join_deny": 1, "join_member": "실명의 개인", "join_way": "영업점", "max_limit": null, "spcl_cnd": "* 최대우대금리 : 0.4%\n1. 거래고객우대금리 : 최대0.1% (신규시) \n -최초예적금고객/재예치/장기거래 각 0.05% \n2. 거래실적우대금리 : 최대0.3% (만기시)\n -급여,연금이체등/수협카드결제/공과금이체등 각0.1%\n※단위:연%p"}}, {"model": "fin_product.depositproducts", "pk": "10120114300011", "fields": {"dcls_month": 202311, "kor_co_nm": "수협은행", "fin_prdt_nm": "Sh해양플라스틱Zero!예금\n(만기일시지급식)", "etc_note": "- 1인 다계좌 가능. \n  단,  합산금액 5억원 이내 \n- 최저 100만원 이상", "join_deny": 1, "join_member": "실명의 개인", "join_way": "영업점,인터넷,스마트폰", "max_limit": 500000000, "spcl_cnd": "* 최대우대금리:0.35%\n1. 해양플라스틱감축서약 : 0.1% (신규시) \n2. 봉사활동 또는 상품홍보 : 0.15% (만기시) \n3. 입출금통장 최초신규 : 0.1% (만기시)\n4. 자동이체 출금실적 : 0.1% (만기시)\n - 수협신용카드 / 당행 펀드 또는 적금 / 수협체크카드\n※단위:연%p"}}, {"model": "fin_product.depositproducts", "pk": "10120114700011", "fields": {"dcls_month": 202311, "kor_co_nm": "수협은행", "fin_prdt_nm": "헤이(Hey)정기예금", "etc_note": "-1인 다계좌 가능.\n 단, 합산금액 최대 2억원 이내\n-최저 10만원 이상", "join_deny": 1, "join_member": "실명의 개인", "join_way": "인터넷,스마트폰", "max_limit": 200000000, "spcl_cnd": "없음"}}, {"model": "fin_product.depositproducts", "pk": "10120116100011", "fields": {"dcls_month": 202311, "kor_co_nm": "수협은행", "fin_prdt_nm": "Sh첫만남우대예금", "etc_note": "-1인 1계좌\n-최저 100만원 이상", "join_deny": 1, "join_member": "실명의 개인", "join_way": "인터넷,스마트폰", "max_limit": 10000000, "spcl_cnd": "* 최대우대금리:1.05%\n1. 첫거래우대 : 1.0% (신규시) \n  - 최근 1년간 수협은행 예적금 활동계좌 미보유 고객포함\n2. 마케팅전체동의 : 0.05%(신규시) \n3. 스마트폰뱅킹의 상품알리기 : 0.80%(만기시)\n※단위:연%p"}}, {"model": "fin_product.depositproducts", "pk": "10511008000996000", "fields": {"dcls_month": 202311, "kor_co_nm": "대구은행", "fin_prdt_nm": "DGB주거래우대예금(첫만남고객형)", "etc_note": "계좌당 가입 최저한도 : 100만원", "join_deny": 1, "join_member": "실명의 개인", "join_way": "영업점,인터넷,스마트폰", "max_limit": null, "spcl_cnd": "최고우대금리 : 연0.65%p              \n - 목돈굴리기예금 최초 가입시 : 연0.20%p\n - 상품 가입 전 최근 1개월 이내 신용(체크)카드 신규 발급 : 연0.20%p\n - 상품 가입 전 최근 1개월 이내 인터넷.폰.스마트뱅킹 가입 : 연0.20%p\n * 해당 상품을 인터넷/스마트뱅킹을 통해 가입 : 연0.05%p"}}, {"model": "fin_product.depositproducts", "pk": "10511008001004000", "fields": {"dcls_month": 202311, "kor_co_nm": "대구은행", "fin_prdt_nm": "DGB행복파트너예금(일반형)", "etc_note": "계좌당 가입 최저한도 : 100만원", "join_deny": 3, "join_member": "만50세 이상 개인", "join_way": "영업점,인터넷,스마트폰", "max_limit": null, "spcl_cnd": "최고우대금리 : 연0.45%p\n-지난달 DGB대구은행 통장으로 연금 입금 실적 보유 : 연0.10%p\n-상품 가입 전 DGB대구은행 신용(체크)카드 보유 : 연0.10%p\n-지난 3개월 예금 평잔 30만원 이상 : 연0.10%p\n-DGB행복파트너적금 동시 가입 및 만기 보유 : 연0.10%p\n*해당상품을 인터넷/스마트뱅킹을 통해 가입 : 연0.05%p"}}, {"model": "fin_product.depositproducts", "pk": "10511008001166004", "fields": {"dcls_month": 202311, "kor_co_nm": "대구은행", "fin_prdt_nm": "DGB함께예금", "etc_note": "계좌당 가입 최저한도 : 100만원", "join_deny": 1, "join_member": "실명의 개인 및 개인사업자", "join_way": "영업점,인터넷,스마트폰", "max_limit": null, "spcl_cnd": "최고우대금리 : 연0.45%p\n-전월 총 수신 평잔실적 또는 상품 가입 전 첫만남플러스 통장 보유시\n-DGB대구은행 주택청약상품보유\n-신규일 \"DGB함께적금\" 동시 가입 및 만기 보유\n-DGB대구은행 오픈뱅킹서비스에 다른 은행 계좌 등록시 각 연0.10%p\n*해당상품을 인터넷/스마트뱅킹을 통해 가입 시 : 연0.05%p"}}, {"model": "fin_product.depositproducts", "pk": "10511008001278000", "fields": {"dcls_month": 202311, "kor_co_nm": "대구은행", "fin_prdt_nm": "IM스마트예금", "etc_note": "계좌당 가입 최저한도 : 100만원", "join_deny": 1, "join_member": "실명의 개인", "join_way": "인터넷,스마트폰", "max_limit": null, "spcl_cnd": "최고우대금리 : 연0.25%p\n- 가입일(재예치일)로부터 3개월이내 아래 1가지 이상 요건 충족시\n① DGB대구은행 주택청약종합저축 보유\n② DGB대구은행 신용(체크)카드 결제실적 보유(결제금액 출금기준)\n* 해당 상품을 인터넷/스마트뱅크를 통해 가입 : 연0.05%p"}}, {"model": "fin_product.depositproducts", "pk": "200-0135-12", "fields": {"dcls_month": 202311, "kor_co_nm": "신한은행", "fin_prdt_nm": "쏠편한 정기예금", "etc_note": "1. 가입한도 :\n 1만원 이상", "join_deny": 1, "join_member": "만14세이상 개인고객", "join_way": "인터넷,스마트폰", "max_limit": null, "spcl_cnd": "해당사항없음"}}, {"model": "fin_product.depositproducts", "pk": "200000301", "fields": {"dcls_month": 202311, "kor_co_nm": "제주은행", "fin_prdt_nm": "제주Dream\n정기예금\n(개인/만기\n지급식)", "etc_note": "가입금액 : 1백만원 이상", "join_deny": 1, "join_member": "제한없음", "join_way": "영업점", "max_limit": null, "spcl_cnd": "최고 연 0.1%p(항목별 0.1%p)\n①급여이체\n②적립식예금 잔액 10만원 이상 보유\n③탑스, 주거래 고객\n④결제계좌(가맹점) 전월 입금액 10만원 이상 \n⑤비과세종합저축 대상 고객\n⑥다자녀(3인이상 자녀)가정\n⑦탐나는 J연금통장 가입고객\n⑧국민연금안심통장 가입고객\n⑨공무원연금안심통장 가입고객"}}, {"model": "fin_product.depositproducts", "pk": "200000303", "fields": {"dcls_month": 202311, "kor_co_nm": "제주은행", "fin_prdt_nm": "J정기예금\n(만기지급식)", "etc_note": "가입금액 : 30만원 이상", "join_deny": 1, "join_member": "실명의 \n개인 및 \n개인사업자", "join_way": "인터넷,스마트폰", "max_limit": null, "spcl_cnd": "- 아래의 우대요건 충족시 최고 0.1%p 추가 우대 \n①비대면 채널 가입시 0.3%제공(신규시제공)  \n(단, 이벤트시 디지털 채널에 고시한 우대금리를 추가 적용할 수 있음)\n②신규일로부터 만기달 제외한 계약기간의 1/2이상 매월 Jbank로그인 시 0.2%제공(만기시제공)"}}, {"model": "fin_product.depositproducts", "pk": "21001115", "fields": {"dcls_month": 202311, "kor_co_nm": "경남은행", "fin_prdt_nm": "BNK더조은정기예금", "etc_note": "1. 이 예금의 계약기간은 3개월 이상 2년 이내 월단위로 한다.\n2. 가입금액은 1인당 최소 100만원 이상 5억원 이하이다.", "join_deny": 1, "join_member": "거래대상자는 제한을 두지 아니한다. 다만, 국가 및 지방자치단체는 이 예금을 거래할 수 없다.", "join_way": "인터넷,스마트폰", "max_limit": 500000000, "spcl_cnd": "①가입금액 20백만원 이상인 경우 0.20%\n②이 예금 신규시 금리우대쿠폰 등록할 경우 0.20%\n③ 경남은행 오픈뱅킹 서비스에 가입되어 있는 경우(만기시까지 해당서비스 유지하는 경우) 0.10%"}}, {"model": "fin_product.depositproducts", "pk": "21001203", "fields": {"dcls_month": 202311, "kor_co_nm": "경남은행", "fin_prdt_nm": "BNK주거래우대정기예금", "etc_note": "1. 이 예금의 계약기간은 6개월, 1년, 2년으로 한다.\n2. 가입좌수 제한없으며 가입금액은 최소 1백만원 이상 최고 5억원 이하이다.", "join_deny": 1, "join_member": "개인 및 개인사업자", "join_way": "인터넷,스마트폰", "max_limit": 500000000, "spcl_cnd": "①급여,연금,가맹점대금 중 한 종류 입금할 경우 0.10%\n②당행 신용/체크카드 결제실적 보유할 경우 0.10%\n③가입일 기준 6개월이내 당행 정기예금 미보유 신규 고객인 경우 0.10%"}}, {"model": "fin_product.depositproducts", "pk": "4", "fields": {"dcls_month": 202311, "kor_co_nm": "하나은행", "fin_prdt_nm": "하나의정기예금", "etc_note": "1. 가입금액: 1백만원이상\n2. 1인 최대가입한도 : 제한 없음", "join_deny": 1, "join_member": "실명의 개인 또는 개인사업자", "join_way": "스마트폰", "max_limit": null, "spcl_cnd": "해당사항없음"}}, {"model": "fin_product.depositproducts", "pk": "TD11300027000", "fields": {"dcls_month": 202311, "kor_co_nm": "광주은행", "fin_prdt_nm": "미즈월복리정기예금", "etc_note": "1. 가입기간 : 1년이상 3년제\n2. 가입금액 : 5백만원이상 최고 50백만원", "join_deny": 1, "join_member": "만18세이상 여성으로 실명의 개인 및 개인사업자", "join_way": "영업점,인터넷,스마트폰,기타", "max_limit": 50000000, "spcl_cnd": "▶ 최고우대금리 0.2% \n ① 요구불평잔 : 0.2% -300만원이상 0.1%, 500만원이상 0.2%\n ② 신용(체크)카드결제실적 : 0.1% -전월결제금 300만원이상 0.05%, 500만원이상 0.1%"}}, {"model": "fin_product.depositproducts", "pk": "TD11300031000", "fields": {"dcls_month": 202311, "kor_co_nm": "광주은행", "fin_prdt_nm": "스마트모아Dream정기예금", "etc_note": "1. 가입기간 : 1개월이상 3년제\n2. 최소가입금액 : 100만원이상", "join_deny": 1, "join_member": "개인 및 개인사업자", "join_way": "인터넷,스마트폰", "max_limit": null, "spcl_cnd": "▶ 1천만원 이상 가입시 최대 0.2%우대"}}, {"model": "fin_product.depositproducts", "pk": "TD11300035000", "fields": {"dcls_month": 202311, "kor_co_nm": "광주은행", "fin_prdt_nm": "굿스타트예금", "etc_note": "1. 가입기간 : 1년제\n2. 가입금액 : 1백만원이상 최고 1억원(1인1계좌)", "join_deny": 1, "join_member": "개인 및 개인사업자", "join_way": "스마트폰", "max_limit": 100000000, "spcl_cnd": "▶ 최고우대금리 0.5% \n ① 첫예금거래 : 0.4% -최근1년동안 정기예금 계좌 신규 또는 해지이력이 없는경우\n ② 개인(신용)정보 수집이용동의 : 0.1% -만기일전일까지 유지시\n▶ 이벤트금리 0.1% -이벤트 기간동안 가입 후 만기 해지시\n ※ 이벤트기간:23.10.19~23.12.29"}}, {"model": "fin_product.depositproducts", "pk": "TD11300036000", "fields": {"dcls_month": 202311, "kor_co_nm": "광주은행", "fin_prdt_nm": "The플러스예금", "etc_note": "1. 가입기간 : 3개월,6개월,1년제\n2. 가입금액 : 10백만원이상 고객당 10억원한도", "join_deny": 1, "join_member": "개인 및 법인(단,국가 지자체 및 금융기관 제외)", "join_way": "영업점,스마트폰", "max_limit": 1000000000, "spcl_cnd": "▶해당사항없음"}}, {"model": "fin_product.depositproducts", "pk": "WR0001B", "fields": {"dcls_month": 202311, "kor_co_nm": "우리은행", "fin_prdt_nm": "WON플러스예금", "etc_note": "- 가입기간: 1~36개월\n- 최소가입금액: 1만원 이상\n- 만기일을 일,월 단위로 자유롭게 선택 가능\n- 만기해지 시 신규일 당시 영업점과 인터넷 홈페이지에 고시된 계약기간별 금리 적용", "join_deny": 1, "join_member": "실명의 개인", "join_way": "인터넷,스마트폰,전화(텔레뱅킹)", "max_limit": null, "spcl_cnd": "해당사항 없음"}}, {"model": "fin_product.depositdebate", "pk": 1, "fields": {"fin_prdt_cd": "WR0001B", "user": 2, "content": "fwa", "created": "2023-11-22T03:45:55.318Z"}}, {"model": "fin_product.depositdebate", "pk": 2, "fields": {"fin_prdt_cd": "WR0001B", "user": 2, "content": "fwa", "created": "2023-11-22T03:45:57.396Z"}}, {"model": "fin_product.depositdebate", "pk": 3, "fields": {"fin_prdt_cd": "WR0001B", "user": 2, "content": "fwa", "created": "2023-11-22T03:45:59.330Z"}}, {"model": "fin_product.depositoptions", "pk": 1, "fields": {"fin_prdt_cd": "WR0001B", "intr_rate_type": "S", "intr_rate_type_nm": "단리", "intr_rate": 4.02, "intr_rate2": 4.02, "save_trm": 6, "into_users": [4]}}, {"model": "fin_product.depositoptions", "pk": 2, "fields": {"fin_prdt_cd": "WR0001B", "intr_rate_type": "S", "intr_rate_type_nm": "단리", "intr_rate": 4.05, "intr_rate2": 4.05, "save_trm": 12, "into_users": [1, 2, 3, 5, 6, 8, 9, 10]}}, {"model": "fin_product.depositoptions", "pk": 3, "fields": {"fin_prdt_cd": "WR0001B", "intr_rate_type": "S", "intr_rate_type_nm": "단리", "intr_rate": 3.43, "intr_rate2": 3.43, "save_trm": 24, "into_users": [1, 2, 3, 5, 6, 7, 10]}}, {"model": "fin_product.depositoptions", "pk": 4, "fields": {"fin_prdt_cd": "WR0001B", "intr_rate_type": "S", "intr_rate_type_nm": "단리", "intr_rate": 3.43, "intr_rate2": 3.43, "save_trm": 36, "into_users": [2, 5, 7, 9]}}, {"model": "fin_product.depositoptions", "pk": 5, "fields": {"fin_prdt_cd": "00320342", "intr_rate_type": "S", "intr_rate_type_nm": "단리", "intr_rate": 4.0, "intr_rate2": 4.2, "save_trm": 6, "into_users": [3, 4, 7, 8, 10]}}, {"model": "fin_product.depositoptions", "pk": 6, "fields": {"fin_prdt_cd": "00320342", "intr_rate_type": "S", "intr_rate_type_nm": "단리", "intr_rate": 4.05, "intr_rate2": 4.35, "save_trm": 12, "into_users": [4, 6, 8]}}, {"model": "fin_product.depositoptions", "pk": 7, "fields": {"fin_prdt_cd": "10511008000996000", "intr_rate_type": "S", "intr_rate_type_nm": "단리", "intr_rate": 2.86, "intr_rate2": 3.51, "save_trm": 6, "into_users": [1, 6, 9]}}, {"model": "fin_product.depositoptions", "pk": 8, "fields": {"fin_prdt_cd": "10511008000996000", "intr_rate_type": "S", "intr_rate_type_nm": "단리", "intr_rate": 3.6, "intr_rate2": 4.25, "save_trm": 12, "into_users": [4, 7, 9]}}, {"model": "fin_product.depositoptions", "pk": 9, "fields": {"fin_prdt_cd": "10511008000996000", "intr_rate_type": "S", "intr_rate_type_nm": "단리", "intr_rate": 3.62, "intr_rate2": 4.27, "save_trm": 24, "into_users": [4, 5, 7, 10]}}, {"model": "fin_product.depositoptions", "pk": 10, "fields": {"fin_prdt_cd": "10511008000996000", "intr_rate_type": "S", "intr_rate_type_nm": "단리", "intr_rate": 3.64, "intr_rate2": 4.29, "save_trm": 36, "into_users": [1, 2, 3, 5, 7, 8, 9, 10]}}, {"model": "fin_product.depositoptions", "pk": 11, "fields": {"fin_prdt_cd": "10511008001004000", "intr_rate_type": "S", "intr_rate_type_nm": "단리", "intr_rate": 2.42, "intr_rate2": 2.87, "save_trm": 6, "into_users": [1, 2, 3, 4, 5, 6, 7, 8, 10]}}, {"model": "fin_product.depositoptions", "pk": 12, "fields": {"fin_prdt_cd": "10511008001004000", "intr_rate_type": "S", "intr_rate_type_nm": "단리", "intr_rate": 3.16, "intr_rate2": 3.61, "save_trm": 12, "into_users": [1, 2, 3, 4, 5, 6, 7, 9, 10]}}, {"model": "fin_product.depositoptions", "pk": 13, "fields": {"fin_prdt_cd": "10511008001004000", "intr_rate_type": "S", "intr_rate_type_nm": "단리", "intr_rate": 3.18, "intr_rate2": 3.63, "save_trm": 24, "into_users": [1, 3, 5, 6, 7, 8, 10]}}, {"model": "fin_product.depositoptions", "pk": 14, "fields": {"fin_prdt_cd": "10511008001004000", "intr_rate_type": "S", "intr_rate_type_nm": "단리", "intr_rate": 3.2, "intr_rate2": 3.65, "save_trm": 36, "into_users": []}}, {"model": "fin_product.depositoptions", "pk": 15, "fields": {"fin_prdt_cd": "10511008001166004", "intr_rate_type": "S", "intr_rate_type_nm": "단리", "intr_rate": 3.8, "intr_rate2": 4.25, "save_trm": 12, "into_users": [1, 2, 5, 8, 10]}}, {"model": "fin_product.depositoptions", "pk": 16, "fields": {"fin_prdt_cd": "10511008001278000", "intr_rate_type": "S", "intr_rate_type_nm": "단리", "intr_rate": 2.8, "intr_rate2": 3.05, "save_trm": 6, "into_users": []}}, {"model": "fin_product.depositoptions", "pk": 17, "fields": {"fin_prdt_cd": "10511008001278000", "intr_rate_type": "S", "intr_rate_type_nm": "단리", "intr_rate": 3.95, "intr_rate2": 4.2, "save_trm": 12, "into_users": [3, 4, 7, 8]}}, {"model": "fin_product.depositoptions", "pk": 18, "fields": {"fin_prdt_cd": "10511008001278000", "intr_rate_type": "S", "intr_rate_type_nm": "단리", "intr_rate": 3.2, "intr_rate2": 3.45, "save_trm": 24, "into_users": [2]}}, {"model": "fin_product.depositoptions", "pk": 19, "fields": {"fin_prdt_cd": "10511008001278000", "intr_rate_type": "S", "intr_rate_type_nm": "단리", "intr_rate": 3.2, "intr_rate2": 3.45, "save_trm": 36, "into_users": [1, 2, 3, 5, 6, 8, 10]}}, {"model": "fin_product.depositoptions", "pk": 20, "fields": {"fin_prdt_cd": "01030500510002", "intr_rate_type": "S", "intr_rate_type_nm": "단리", "intr_rate": 2.55, "intr_rate2": 3.8, "save_trm": 6, "into_users": [1, 4, 9]}}, {"model": "fin_product.depositoptions", "pk": 21, "fields": {"fin_prdt_cd": "01030500510002", "intr_rate_type": "S", "intr_rate_type_nm": "단리", "intr_rate": 2.75, "intr_rate2": 3.8, "save_trm": 12, "into_users": [1, 2, 4, 5, 6, 7, 8, 9]}}, {"model": "fin_product.depositoptions", "pk": 22, "fields": {"fin_prdt_cd": "01030500510002", "intr_rate_type": "S", "intr_rate_type_nm": "단리", "intr_rate": 2.8, "intr_rate2": 2.8, "save_trm": 24, "into_users": [1, 2, 5, 8, 9]}}, {"model": "fin_product.depositoptions", "pk": 23, "fields": {"fin_prdt_cd": "01030500510002", "intr_rate_type": "S", "intr_rate_type_nm": "단리", "intr_rate": 2.85, "intr_rate2": 2.85, "save_trm": 36, "into_users": []}}, {"model": "fin_product.depositoptions", "pk": 24, "fields": {"fin_prdt_cd": "01030500560002", "intr_rate_type": "S", "intr_rate_type_nm": "단리", "intr_rate": 3.75, "intr_rate2": 4.15, "save_trm": 6, "into_users": [3, 4]}}, {"model": "fin_product.depositoptions", "pk": 25, "fields": {"fin_prdt_cd": "01030500560002", "intr_rate_type": "S", "intr_rate_type_nm": "단리", "intr_rate": 3.75, "intr_rate2": 4.15, "save_trm": 12, "into_users": [1, 2, 4, 5, 7, 9]}}, {"model": "fin_product.depositoptions", "pk": 26, "fields": {"fin_prdt_cd": "01030500560002", "intr_rate_type": "S", "intr_rate_type_nm": "단리", "intr_rate": 3.25, "intr_rate2": 3.65, "save_trm": 24, "into_users": []}}, {"model": "fin_product.depositoptions", "pk": 27, "fields": {"fin_prdt_cd": "01030500560002", "intr_rate_type": "S", "intr_rate_type_nm": "단리", "intr_rate": 2.95, "intr_rate2": 3.35, "save_trm": 36, "into_users": [9]}}, {"model": "fin_product.depositoptions", "pk": 28, "fields": {"fin_prdt_cd": "01030500600002", "intr_rate_type": "S", "intr_rate_type_nm": "단리", "intr_rate": 3.75, "intr_rate2": 4.15, "save_trm": 6, "into_users": [2, 4, 5, 10]}}, {"model": "fin_product.depositoptions", "pk": 29, "fields": {"fin_prdt_cd": "01030500600002", "intr_rate_type": "S", "intr_rate_type_nm": "단리", "intr_rate": 3.75, "intr_rate2": 4.15, "save_trm": 12, "into_users": [1, 2, 3, 6, 7, 10]}}, {"model": "fin_product.depositoptions", "pk": 30, "fields": {"fin_prdt_cd": "TD11300027000", "intr_rate_type": "M", "intr_rate_type_nm": "복리", "intr_rate": 3.69, "intr_rate2": 3.89, "save_trm": 12, "into_users": [10]}}, {"model": "fin_product.depositoptions", "pk": 31, "fields": {"fin_prdt_cd": "TD11300027000", "intr_rate_type": "M", "intr_rate_type_nm": "복리", "intr_rate": 3.75, "intr_rate2": 3.95, "save_trm": 24, "into_users": []}}, {"model": "fin_product.depositoptions", "pk": 32, "fields": {"fin_prdt_cd": "TD11300027000", "intr_rate_type": "M", "intr_rate_type_nm": "복리", "intr_rate": 3.8, "intr_rate2": 4.0, "save_trm": 36, "into_users": [1]}}, {"model": "fin_product.depositoptions", "pk": 33, "fields": {"fin_prdt_cd": "TD11300031000", "intr_rate_type": "S", "intr_rate_type_nm": "단리", "intr_rate": 3.62, "intr_rate2": 3.72, "save_trm": 6, "into_users": [1, 4, 5, 6, 7, 8, 9, 10]}}, {"model": "fin_product.depositoptions", "pk": 34, "fields": {"fin_prdt_cd": "TD11300031000", "intr_rate_type": "S", "intr_rate_type_nm": "단리", "intr_rate": 3.59, "intr_rate2": 3.79, "save_trm": 12, "into_users": [5]}}, {"model": "fin_product.depositoptions", "pk": 35, "fields": {"fin_prdt_cd": "TD11300031000", "intr_rate_type": "S", "intr_rate_type_nm": "단리", "intr_rate": 3.65, "intr_rate2": 3.85, "save_trm": 24, "into_users": [4, 6, 10]}}, {"model": "fin_product.depositoptions", "pk": 36, "fields": {"fin_prdt_cd": "TD11300031000", "intr_rate_type": "S", "intr_rate_type_nm": "단리", "intr_rate": 3.7, "intr_rate2": 3.9, "save_trm": 36, "into_users": [1, 2, 3, 4, 5, 7, 9, 10]}}, {"model": "fin_product.depositoptions", "pk": 37, "fields": {"fin_prdt_cd": "TD11300035000", "intr_rate_type": "S", "intr_rate_type_nm": "단리", "intr_rate": 3.49, "intr_rate2": 4.09, "save_trm": 12, "into_users": [9]}}, {"model": "fin_product.depositoptions", "pk": 38, "fields": {"fin_prdt_cd": "TD11300036000", "intr_rate_type": "S", "intr_rate_type_nm": "단리", "intr_rate": 3.5, "intr_rate2": 3.5, "save_trm": 6, "into_users": [2, 3, 4, 5, 6]}}, {"model": "fin_product.depositoptions", "pk": 39, "fields": {"fin_prdt_cd": "TD11300036000", "intr_rate_type": "S", "intr_rate_type_nm": "단리", "intr_rate": 3.6, "intr_rate2": 3.6, "save_trm": 12, "into_users": [6]}}, {"model": "fin_product.depositoptions", "pk": 40, "fields": {"fin_prdt_cd": "200000301", "intr_rate_type": "S", "intr_rate_type_nm": "단리", "intr_rate": 2.85, "intr_rate2": 2.95, "save_trm": 6, "into_users": [3, 8]}}, {"model": "fin_product.depositoptions", "pk": 41, "fields": {"fin_prdt_cd": "200000301", "intr_rate_type": "S", "intr_rate_type_nm": "단리", "intr_rate": 3.05, "intr_rate2": 3.15, "save_trm": 12, "into_users": [2, 6, 8, 9]}}, {"model": "fin_product.depositoptions", "pk": 42, "fields": {"fin_prdt_cd": "200000301", "intr_rate_type": "S", "intr_rate_type_nm": "단리", "intr_rate": 3.15, "intr_rate2": 3.25, "save_trm": 24, "into_users": []}}, {"model": "fin_product.depositoptions", "pk": 43, "fields": {"fin_prdt_cd": "200000301", "intr_rate_type": "S", "intr_rate_type_nm": "단리", "intr_rate": 3.25, "intr_rate2": 3.35, "save_trm": 36, "into_users": []}}, {"model": "fin_product.depositoptions", "pk": 44, "fields": {"fin_prdt_cd": "200000303", "intr_rate_type": "S", "intr_rate_type_nm": "단리", "intr_rate": 3.0, "intr_rate2": 4.2, "save_trm": 6, "into_users": [1, 2, 3, 4, 5, 6, 8, 9, 10]}}, {"model": "fin_product.depositoptions", "pk": 45, "fields": {"fin_prdt_cd": "200000303", "intr_rate_type": "S", "intr_rate_type_nm": "단리", "intr_rate": 3.1, "intr_rate2": 4.3, "save_trm": 12, "into_users": [1, 2]}}, {"model": "fin_product.depositoptions", "pk": 46, "fields": {"fin_prdt_cd": "200000303", "intr_rate_type": "S", "intr_rate_type_nm": "단리", "intr_rate": 3.0, "intr_rate2": 3.5, "save_trm": 24, "into_users": [8]}}, {"model": "fin_product.depositoptions", "pk": 47, "fields": {"fin_prdt_cd": "200000303", "intr_rate_type": "S", "intr_rate_type_nm": "단리", "intr_rate": 3.0, "intr_rate2": 3.5, "save_trm": 36, "into_users": []}}, {"model": "fin_product.depositoptions", "pk": 48, "fields": {"fin_prdt_cd": "10-01-20-024-0046-0000", "intr_rate_type": "S", "intr_rate_type_nm": "단리", "intr_rate": 3.9, "intr_rate2": 3.9, "save_trm": 6, "into_users": [4, 5, 6, 8]}}, {"model": "fin_product.depositoptions", "pk": 49, "fields": {"fin_prdt_cd": "10-01-20-024-0046-0000", "intr_rate_type": "S", "intr_rate_type_nm": "단리", "intr_rate": 4.1, "intr_rate2": 4.1, "save_trm": 12, "into_users": [4, 5, 6, 8, 10]}}, {"model": "fin_product.depositoptions", "pk": 50, "fields": {"fin_prdt_cd": "10-01-20-024-0059-0000", "intr_rate_type": "S", "intr_rate_type_nm": "단리", "intr_rate": 4.07, "intr_rate2": 4.37, "save_trm": 12, "into_users": []}}, {"model": "fin_product.depositoptions", "pk": 51, "fields": {"fin_prdt_cd": "10-01-20-024-0059-0000", "intr_rate_type": "S", "intr_rate_type_nm": "단리", "intr_rate": null, "intr_rate2": 4.27, "save_trm": 24, "into_users": [3, 10]}}, {"model": "fin_product.depositoptions", "pk": 52, "fields": {"fin_prdt_cd": "10-01-20-024-0059-0000", "intr_rate_type": "S", "intr_rate_type_nm": "단리", "intr_rate": null, "intr_rate2": 4.37, "save_trm": 36, "into_users": [9]}}, {"model": "fin_product.depositoptions", "pk": 53, "fields": {"fin_prdt_cd": "21001115", "intr_rate_type": "S", "intr_rate_type_nm": "단리", "intr_rate": 2.8, "intr_rate2": 3.3, "save_trm": 6, "into_users": [1, 3, 4, 5, 6, 8, 9]}}, {"model": "fin_product.depositoptions", "pk": 54, "fields": {"fin_prdt_cd": "21001115", "intr_rate_type": "S", "intr_rate_type_nm": "단리", "intr_rate": 3.15, "intr_rate2": 3.65, "save_trm": 12, "into_users": [4, 5, 6, 9, 10]}}, {"model": "fin_product.depositoptions", "pk": 55, "fields": {"fin_prdt_cd": "21001115", "intr_rate_type": "S", "intr_rate_type_nm": "단리", "intr_rate": 3.05, "intr_rate2": 3.55, "save_trm": 24, "into_users": [1, 2, 5, 10]}}, {"model": "fin_product.depositoptions", "pk": 56, "fields": {"fin_prdt_cd": "21001203", "intr_rate_type": "S", "intr_rate_type_nm": "단리", "intr_rate": 3.15, "intr_rate2": 3.45, "save_trm": 6, "into_users": []}}, {"model": "fin_product.depositoptions", "pk": 57, "fields": {"fin_prdt_cd": "21001203", "intr_rate_type": "S", "intr_rate_type_nm": "단리", "intr_rate": 3.5, "intr_rate2": 3.8, "save_trm": 12, "into_users": [2, 3, 5, 7, 9, 10]}}, {"model": "fin_product.depositoptions", "pk": 58, "fields": {"fin_prdt_cd": "21001203", "intr_rate_type": "S", "intr_rate_type_nm": "단리", "intr_rate": 3.55, "intr_rate2": 3.85, "save_trm": 24, "into_users": []}}, {"model": "fin_product.depositoptions", "pk": 59, "fields": {"fin_prdt_cd": "01211310121", "intr_rate_type": "S", "intr_rate_type_nm": "단리", "intr_rate": 3.45, "intr_rate2": 3.65, "save_trm": 12, "into_users": [5, 8]}}, {"model": "fin_product.depositoptions", "pk": 60, "fields": {"fin_prdt_cd": "01211310121", "intr_rate_type": "S", "intr_rate_type_nm": "단리", "intr_rate": 3.5, "intr_rate2": 3.7, "save_trm": 24, "into_users": [1, 2, 4, 5, 6, 7, 8, 10]}}, {"model": "fin_product.depositoptions", "pk": 61, "fields": {"fin_prdt_cd": "01211310121", "intr_rate_type": "S", "intr_rate_type_nm": "단리", "intr_rate": 3.6, "intr_rate2": 3.8, "save_trm": 36, "into_users": [5, 7, 9]}}, {"model": "fin_product.depositoptions", "pk": 62, "fields": {"fin_prdt_cd": "01211310127", "intr_rate_type": "S", "intr_rate_type_nm": "단리", "intr_rate": 3.1, "intr_rate2": 3.4, "save_trm": 6, "into_users": [3, 4, 5, 7, 8, 9, 10]}}, {"model": "fin_product.depositoptions", "pk": 63, "fields": {"fin_prdt_cd": "01211310127", "intr_rate_type": "S", "intr_rate_type_nm": "단리", "intr_rate": 3.25, "intr_rate2": 3.55, "save_trm": 12, "into_users": [2, 3, 5]}}, {"model": "fin_product.depositoptions", "pk": 64, "fields": {"fin_prdt_cd": "01211310130", "intr_rate_type": "S", "intr_rate_type_nm": "단리", "intr_rate": 3.84, "intr_rate2": 3.84, "save_trm": 6, "into_users": [2, 3, 5, 6, 7]}}, {"model": "fin_product.depositoptions", "pk": 65, "fields": {"fin_prdt_cd": "01211310130", "intr_rate_type": "S", "intr_rate_type_nm": "단리", "intr_rate": 3.84, "intr_rate2": 3.84, "save_trm": 12, "into_users": [5, 6, 7, 8]}}, {"model": "fin_product.depositoptions", "pk": 66, "fields": {"fin_prdt_cd": "01211310130", "intr_rate_type": "S", "intr_rate_type_nm": "단리", "intr_rate": 3.76, "intr_rate2": 3.76, "save_trm": 24, "into_users": [1, 2, 3, 4, 7, 8, 10]}}, {"model": "fin_product.depositoptions", "pk": 67, "fields": {"fin_prdt_cd": "01211310130", "intr_rate_type": "S", "intr_rate_type_nm": "단리", "intr_rate": 3.8, "intr_rate2": 3.8, "save_trm": 36, "into_users": [2, 3, 6, 7, 8, 9, 10]}}, {"model": "fin_product.depositoptions", "pk": 68, "fields": {"fin_prdt_cd": "05100", "intr_rate_type": "S", "intr_rate_type_nm": "단리", "intr_rate": 2.7, "intr_rate2": 2.7, "save_trm": 6, "into_users": [3, 4, 5, 8, 9, 10]}}, {"model": "fin_product.depositoptions", "pk": 69, "fields": {"fin_prdt_cd": "05100", "intr_rate_type": "S", "intr_rate_type_nm": "단리", "intr_rate": 2.7, "intr_rate2": 2.7, "save_trm": 12, "into_users": [2, 4, 5, 6, 7]}}, {"model": "fin_product.depositoptions", "pk": 70, "fields": {"fin_prdt_cd": "05100", "intr_rate_type": "S", "intr_rate_type_nm": "단리", "intr_rate": 2.7, "intr_rate2": 2.7, "save_trm": 24, "into_users": []}}, {"model": "fin_product.depositoptions", "pk": 71, "fields": {"fin_prdt_cd": "05100", "intr_rate_type": "S", "intr_rate_type_nm": "단리", "intr_rate": 2.7, "intr_rate2": 2.7, "save_trm": 36, "into_users": []}}, {"model": "fin_product.depositoptions", "pk": 72, "fields": {"fin_prdt_cd": "06492", "intr_rate_type": "S", "intr_rate_type_nm": "단리", "intr_rate": 3.7, "intr_rate2": 3.7, "save_trm": 6, "into_users": [1, 2, 3, 4, 5, 6, 8, 10]}}, {"model": "fin_product.depositoptions", "pk": 73, "fields": {"fin_prdt_cd": "06492", "intr_rate_type": "S", "intr_rate_type_nm": "단리", "intr_rate": 3.9, "intr_rate2": 3.9, "save_trm": 12, "into_users": [1, 2, 4, 5, 6, 7, 8, 9, 10]}}, {"model": "fin_product.depositoptions", "pk": 74, "fields": {"fin_prdt_cd": "06492", "intr_rate_type": "S", "intr_rate_type_nm": "단리", "intr_rate": 3.3, "intr_rate2": 3.3, "save_trm": 24, "into_users": [2, 3, 4, 5, 6, 7, 9]}}, {"model": "fin_product.depositoptions", "pk": 75, "fields": {"fin_prdt_cd": "06492", "intr_rate_type": "S", "intr_rate_type_nm": "단리", "intr_rate": 3.3, "intr_rate2": 3.3, "save_trm": 36, "into_users": [4, 5, 6]}}, {"model": "fin_product.depositoptions", "pk": 76, "fields": {"fin_prdt_cd": "010300100335", "intr_rate_type": "S", "intr_rate_type_nm": "단리", "intr_rate": 2.3, "intr_rate2": 4.0, "save_trm": 6, "into_users": [1, 3, 4, 6, 7, 8, 9, 10]}}, {"model": "fin_product.depositoptions", "pk": 77, "fields": {"fin_prdt_cd": "010300100335", "intr_rate_type": "S", "intr_rate_type_nm": "단리", "intr_rate": 2.6, "intr_rate2": 3.95, "save_trm": 12, "into_users": [1, 3, 4, 5, 6, 7, 8, 9, 10]}}, {"model": "fin_product.depositoptions", "pk": 78, "fields": {"fin_prdt_cd": "010300100335", "intr_rate_type": "S", "intr_rate_type_nm": "단리", "intr_rate": 2.7, "intr_rate2": 3.0, "save_trm": 24, "into_users": [9]}}, {"model": "fin_product.depositoptions", "pk": 79, "fields": {"fin_prdt_cd": "010300100335", "intr_rate_type": "S", "intr_rate_type_nm": "단리", "intr_rate": 2.8, "intr_rate2": 3.0, "save_trm": 36, "into_users": [5]}}, {"model": "fin_product.depositoptions", "pk": 80, "fields": {"fin_prdt_cd": "200-0135-12", "intr_rate_type": "S", "intr_rate_type_nm": "단리", "intr_rate": 2.75, "intr_rate2": 4.0, "save_trm": 6, "into_users": [3, 4, 9, 10]}}, {"model": "fin_product.depositoptions", "pk": 81, "fields": {"fin_prdt_cd": "200-0135-12", "intr_rate_type": "S", "intr_rate_type_nm": "단리", "intr_rate": 2.9, "intr_rate2": 4.0, "save_trm": 12, "into_users": [2, 3, 4, 5, 6, 7, 9, 10]}}, {"model": "fin_product.depositoptions", "pk": 82, "fields": {"fin_prdt_cd": "200-0135-12", "intr_rate_type": "S", "intr_rate_type_nm": "단리", "intr_rate": 2.95, "intr_rate2": 3.45, "save_trm": 24, "into_users": []}}, {"model": "fin_product.depositoptions", "pk": 83, "fields": {"fin_prdt_cd": "200-0135-12", "intr_rate_type": "S", "intr_rate_type_nm": "단리", "intr_rate": 3.0, "intr_rate2": 3.45, "save_trm": 36, "into_users": [1, 2, 3, 4, 5, 6, 8, 10]}}, {"model": "fin_product.depositoptions", "pk": 84, "fields": {"fin_prdt_cd": "10-003-1225-0001", "intr_rate_type": "S", "intr_rate_type_nm": "단리", "intr_rate": 3.95, "intr_rate2": 4.05, "save_trm": 6, "into_users": [4, 5, 7]}}, {"model": "fin_product.depositoptions", "pk": 85, "fields": {"fin_prdt_cd": "10-003-1225-0001", "intr_rate_type": "S", "intr_rate_type_nm": "단리", "intr_rate": 3.85, "intr_rate2": 3.95, "save_trm": 12, "into_users": [2, 6, 9, 10]}}, {"model": "fin_product.depositoptions", "pk": 86, "fields": {"fin_prdt_cd": "10-003-1381-0001", "intr_rate_type": "S", "intr_rate_type_nm": "단리", "intr_rate": 3.1, "intr_rate2": 3.5, "save_trm": 12, "into_users": [2, 3, 4, 5, 6, 8, 9, 10]}}, {"model": "fin_product.depositoptions", "pk": 87, "fields": {"fin_prdt_cd": "10-003-1381-0001", "intr_rate_type": "S", "intr_rate_type_nm": "단리", "intr_rate": 3.15, "intr_rate2": 3.55, "save_trm": 24, "into_users": []}}, {"model": "fin_product.depositoptions", "pk": 88, "fields": {"fin_prdt_cd": "10-003-1381-0001", "intr_rate_type": "S", "intr_rate_type_nm": "단리", "intr_rate": 3.4, "intr_rate2": 3.8, "save_trm": 36, "into_users": [8]}}, {"model": "fin_product.depositoptions", "pk": 89, "fields": {"fin_prdt_cd": "10-003-1384-0001", "intr_rate_type": "S", "intr_rate_type_nm": "단리", "intr_rate": 4.05, "intr_rate2": 4.05, "save_trm": 6, "into_users": [10]}}, {"model": "fin_product.depositoptions", "pk": 90, "fields": {"fin_prdt_cd": "10-003-1384-0001", "intr_rate_type": "S", "intr_rate_type_nm": "단리", "intr_rate": 3.95, "intr_rate2": 4.05, "save_trm": 12, "into_users": [2, 3, 4, 5, 8]}}, {"model": "fin_product.depositoptions", "pk": 91, "fields": {"fin_prdt_cd": "10-003-1384-0001", "intr_rate_type": "S", "intr_rate_type_nm": "단리", "intr_rate": 3.3, "intr_rate2": 3.3, "save_trm": 24, "into_users": []}}, {"model": "fin_product.depositoptions", "pk": 92, "fields": {"fin_prdt_cd": "10-003-1384-0001", "intr_rate_type": "S", "intr_rate_type_nm": "단리", "intr_rate": 3.4, "intr_rate2": 3.4, "save_trm": 36, "into_users": [1, 3, 4, 5, 6, 7, 8, 9, 10]}}, {"model": "fin_product.depositoptions", "pk": 93, "fields": {"fin_prdt_cd": "10-003-1387-0001", "intr_rate_type": "S", "intr_rate_type_nm": "단리", "intr_rate": 3.1, "intr_rate2": 3.8, "save_trm": 12, "into_users": [5]}}, {"model": "fin_product.depositoptions", "pk": 94, "fields": {"fin_prdt_cd": "4", "intr_rate_type": "S", "intr_rate_type_nm": "단리", "intr_rate": 2.3, "intr_rate2": 4.05, "save_trm": 6, "into_users": [1, 2, 3, 5, 8, 9, 10]}}, {"model": "fin_product.depositoptions", "pk": 95, "fields": {"fin_prdt_cd": "4", "intr_rate_type": "S", "intr_rate_type_nm": "단리", "intr_rate": 2.6, "intr_rate2": 4.05, "save_trm": 12, "into_users": [1, 2, 7, 8, 9]}}, {"model": "fin_product.depositoptions", "pk": 96, "fields": {"fin_prdt_cd": "4", "intr_rate_type": "S", "intr_rate_type_nm": "단리", "intr_rate": 2.7, "intr_rate2": 3.25, "save_trm": 24, "into_users": [1, 2, 3, 5, 8, 9, 10]}}, {"model": "fin_product.depositoptions", "pk": 97, "fields": {"fin_prdt_cd": "4", "intr_rate_type": "S", "intr_rate_type_nm": "단리", "intr_rate": 2.8, "intr_rate2": 3.25, "save_trm": 36, "into_users": [1, 4, 5, 6, 7, 8, 9, 10]}}, {"model": "fin_product.depositoptions", "pk": 98, "fields": {"fin_prdt_cd": "01013000110000000001", "intr_rate_type": "S", "intr_rate_type_nm": "단리", "intr_rate": 4.0, "intr_rate2": 4.0, "save_trm": 6, "into_users": [2]}}, {"model": "fin_product.depositoptions", "pk": 99, "fields": {"fin_prdt_cd": "01013000110000000001", "intr_rate_type": "S", "intr_rate_type_nm": "단리", "intr_rate": 4.0, "intr_rate2": 4.0, "save_trm": 12, "into_users": []}}, {"model": "fin_product.depositoptions", "pk": 100, "fields": {"fin_prdt_cd": "01013000110000000001", "intr_rate_type": "S", "intr_rate_type_nm": "단리", "intr_rate": 3.4, "intr_rate2": 3.4, "save_trm": 24, "into_users": [1, 2, 3, 4, 5, 6, 7, 8, 9]}}, {"model": "fin_product.depositoptions", "pk": 101, "fields": {"fin_prdt_cd": "01013000110000000001", "intr_rate_type": "S", "intr_rate_type_nm": "단리", "intr_rate": 3.4, "intr_rate2": 3.4, "save_trm": 36, "into_users": [3, 4, 6, 7]}}, {"model": "fin_product.depositoptions", "pk": 102, "fields": {"fin_prdt_cd": "10120110400011", "intr_rate_type": "S", "intr_rate_type_nm": "단리", "intr_rate": 3.0, "intr_rate2": 3.4, "save_trm": 12, "into_users": [9]}}, {"model": "fin_product.depositoptions", "pk": 103, "fields": {"fin_prdt_cd": "10120114300011", "intr_rate_type": "S", "intr_rate_type_nm": "단리", "intr_rate": 3.65, "intr_rate2": 4.0, "save_trm": 6, "into_users": [1, 2, 4, 6, 7, 8, 9]}}, {"model": "fin_product.depositoptions", "pk": 104, "fields": {"fin_prdt_cd": "10120114300011", "intr_rate_type": "S", "intr_rate_type_nm": "단리", "intr_rate": 3.75, "intr_rate2": 4.1, "save_trm": 12, "into_users": [4]}}, {"model": "fin_product.depositoptions", "pk": 105, "fields": {"fin_prdt_cd": "10120114700011", "intr_rate_type": "S", "intr_rate_type_nm": "단리", "intr_rate": 4.2, "intr_rate2": 4.2, "save_trm": 6, "into_users": [1, 3, 4, 5, 7, 8, 9, 10]}}, {"model": "fin_product.depositoptions", "pk": 106, "fields": {"fin_prdt_cd": "10120114700011", "intr_rate_type": "S", "intr_rate_type_nm": "단리", "intr_rate": 4.3, "intr_rate2": 4.3, "save_trm": 12, "into_users": [1, 2, 4, 5, 6, 7, 8, 9, 10]}}, {"model": "fin_product.depositoptions", "pk": 107, "fields": {"fin_prdt_cd": "10120116100011", "intr_rate_type": "S", "intr_rate_type_nm": "단리", "intr_rate": 2.97, "intr_rate2": 4.02, "save_trm": 12, "into_users": [2, 3, 4, 6, 7, 8, 9]}}, {"model": "fin_product.depositoptions", "pk": 108, "fields": {"fin_prdt_cd": "10-01-20-388-0002", "intr_rate_type": "S", "intr_rate_type_nm": "단리", "intr_rate": 3.9, "intr_rate2": 3.9, "save_trm": 6, "into_users": [2, 3]}}, {"model": "fin_product.depositoptions", "pk": 109, "fields": {"fin_prdt_cd": "10-01-20-388-0002", "intr_rate_type": "S", "intr_rate_type_nm": "단리", "intr_rate": 4.0, "intr_rate2": 4.0, "save_trm": 12, "into_users": [1, 3, 4, 5, 6, 7, 8, 10]}}, {"model": "fin_product.depositoptions", "pk": 110, "fields": {"fin_prdt_cd": "10-01-20-388-0002", "intr_rate_type": "S", "intr_rate_type_nm": "단리", "intr_rate": 4.0, "intr_rate2": 4.0, "save_trm": 24, "into_users": [3, 4, 6, 7, 8, 9]}}, {"model": "fin_product.depositoptions", "pk": 111, "fields": {"fin_prdt_cd": "10-01-20-388-0002", "intr_rate_type": "S", "intr_rate_type_nm": "단리", "intr_rate": 4.0, "intr_rate2": 4.0, "save_trm": 36, "into_users": [1, 2, 7]}}, {"model": "fin_product.depositoptions", "pk": 112, "fields": {"fin_prdt_cd": "1001202000002", "intr_rate_type": "S", "intr_rate_type_nm": "단리", "intr_rate": 3.5, "intr_rate2": 3.5, "save_trm": 6, "into_users": [4]}}, {"model": "fin_product.savingproducts", "pk": "00266451", "fields": {"dcls_month": 202311, "kor_co_nm": "한국스탠다드차타드은행", "fin_prdt_nm": "퍼스트가계적금", "etc_note": "해당없음", "join_deny": 1, "join_member": "개인(개인사업자 포함)", "join_way": "영업점,인터넷,스마트폰", "max_limit": 10000000, "spcl_cnd": "없음"}}, {"model": "fin_product.savingproducts", "pk": "01012000200000000003", "fields": {"dcls_month": 202311, "kor_co_nm": "주식회사 케이뱅크", "fin_prdt_nm": "코드K 자유적금", "etc_note": "가입금액: 1만원 이상 30만원 이하\n가입기간: 6개월, 1년, 2년, 3년 \n(1인 최대 3계좌)", "join_deny": 1, "join_member": "만 17세 이상 실명의 개인 및 개인사업자", "join_way": "스마트폰", "max_limit": 300000, "spcl_cnd": "금리우대 코드를 입력하는 경우 우대금리 적용"}}, {"model": "fin_product.savingproducts", "pk": "01012000210000000000", "fields": {"dcls_month": 202311, "kor_co_nm": "주식회사 케이뱅크", "fin_prdt_nm": "주거래우대 자유적금", "etc_note": "가입금액: 1천원 이상 300만원 이하\n가입기간: 6개월 ~ 36개월\n(1인 최대 3계좌)", "join_deny": 1, "join_member": "만 17세 이상 실명의 개인 및 개인사업자", "join_way": "스마트폰", "max_limit": 3000000, "spcl_cnd": "급여이체 또는 통신비 자동이체, 체크카드 고객에게 우대금리 제공 (최고 연 0.6%)"}}, {"model": "fin_product.savingproducts", "pk": "010200100051", "fields": {"dcls_month": 202311, "kor_co_nm": "국민은행", "fin_prdt_nm": "KB국민프리미엄적금(정액)", "etc_note": "1인 1계좌", "join_deny": 1, "join_member": "실명의 개인", "join_way": "영업점,인터넷,스마트폰,전화(텔레뱅킹)", "max_limit": null, "spcl_cnd": "① 단체가입/나라사랑/쿠폰 우대이율: \n    1년: 연 0.6%p, 2년: 연 0.7%p,\n    3년: 연 0.9%p, 5년: 연 1.0%p \n   (중복적용되지 않음, 계약기간별차등적용)\n② 교차거래 우대이율: 연 0.3%p"}}, {"model": "fin_product.savingproducts", "pk": "010200100092", "fields": {"dcls_month": 202311, "kor_co_nm": "국민은행", "fin_prdt_nm": "KB반려행복적금", "etc_note": "공동명의 불가\n(1인 최대 3계좌)", "join_deny": 1, "join_member": "실명의 개인", "join_way": "스마트폰", "max_limit": null, "spcl_cnd": "항목별 적용 조건 충족시, 최고 연 1.5%p\n① 반려동물 등록: 연 0.2%p\n② 미지(유기)입양: 연 0.2%p\n③ 반려동물애정활동: 연 0.2%p\n④ 반려동물요금제: 연 0.2%p\n⑤ KB거래감사: 연 0.2%p\n⑥ KB첫거래: 연 0.5%p"}}, {"model": "fin_product.savingproducts", "pk": "010200100104", "fields": {"dcls_month": 202311, "kor_co_nm": "국민은행", "fin_prdt_nm": "KB 특★한 적금", "etc_note": "개인사업자, 임의단체 및\n공동명의 불가\n(1인 최대 3계좌)", "join_deny": 1, "join_member": "실명의 개인", "join_way": "스마트폰", "max_limit": null, "spcl_cnd": "항목별 적용 조건 충족시, 최고 연 4.0%p\n① 목표달성 축하 우대이율: 최고 연 1.0%p\n    50만원 이하: 연 0.5%p, 50만원 초과: 연 1.0%p \n② 별 모으기 우대이율 : 최고 연 1.0%p\n    10개: 연 0.5%p, 20개: 연 1.0%p\n③ 함께해요 우대이율: 최고 연 2.0%p"}}, {"model": "fin_product.savingproducts", "pk": "01020400380001", "fields": {"dcls_month": 202311, "kor_co_nm": "부산은행", "fin_prdt_nm": "2030부산월드엑스포적금", "etc_note": "1. 가입한도: 월 1천원 이상 3백만원 이하 천원단위\n2. 자유적립식", "join_deny": 1, "join_member": "실명의 개인고객(1인 1계좌)", "join_way": "영업점,스마트폰", "max_limit": 3000000, "spcl_cnd": "*우대이율 최대 1.90%\n-비대면 채널 가입 또는 상품서비스안내 동의서 징구: 0.10%\n-첫 거래 우대이율 : 0.50%\n-엑스포 유치 응원 우대이율 : 0.30%\n-엑스포 유치 기원 우대이율 : 1.00%"}}, {"model": "fin_product.savingproducts", "pk": "01020400490001", "fields": {"dcls_month": 202311, "kor_co_nm": "부산은행", "fin_prdt_nm": "펫 적금", "etc_note": "1. 가입한도: 월 1만원 이상 50만원 이하 원단위\n2. 자유적립식", "join_deny": 1, "join_member": "실명의 개인고객(1인 1계좌)", "join_way": "영업점,스마트폰", "max_limit": 500000, "spcl_cnd": "*우대이율 6개월제 최대 0.55%, 12개월제 최대 0.90%"}}, {"model": "fin_product.savingproducts", "pk": "01020400490002", "fields": {"dcls_month": 202311, "kor_co_nm": "부산은행", "fin_prdt_nm": "펫 적금", "etc_note": "1. 가입한도: 월 1만원 이상 50만원 이하 원단위\n2. 정기적립식", "join_deny": 1, "join_member": "실명의 개인고객(1인 1계좌)", "join_way": "영업점,스마트폰", "max_limit": 500000, "spcl_cnd": "*우대이율 6개월제 최대 0.55%, 12개월제 최대 0.90%"}}, {"model": "fin_product.savingproducts", "pk": "01020400510001", "fields": {"dcls_month": 202311, "kor_co_nm": "부산은행", "fin_prdt_nm": "저탄소 실천\n적금", "etc_note": "1. 가입한도: 월 1만원 이상 1천만원 이하 원단위 (월 1천만원 이하 불입 가능)\n2. 자유적립식", "join_deny": 1, "join_member": "제한없음", "join_way": "영업점,인터넷,스마트폰", "max_limit": 10000000, "spcl_cnd": "조건 달성여부에 따라 우대금리 적용\n*개인형 우대이율: 최대0.4%\n*기업형(개인사업자 및 법인)우대이율: 최대0.4%"}}, {"model": "fin_product.savingproducts", "pk": "01020400530001", "fields": {"dcls_month": 202311, "kor_co_nm": "부산은행", "fin_prdt_nm": "내맘대로 \n적금", "etc_note": "1. 가입금액 :\n   1천원 이상\n2. 가입기간 : \n6개월 이상 60개월 이하(일단위)", "join_deny": 1, "join_member": "제한없음", "join_way": "영업점,인터넷,스마트폰", "max_limit": null, "spcl_cnd": "*우대이율 최대 0.2%\n- 신규시 우대이율 0.05% 및 해지시 우대이율 최대 0.15%"}}, {"model": "fin_product.savingproducts", "pk": "01020400610001", "fields": {"dcls_month": 202311, "kor_co_nm": "부산은행", "fin_prdt_nm": "너만Solo\n적금", "etc_note": "1. 가입한도: 월 1만원 이상 30만원 이하 원단위\n2. 자유적립식", "join_deny": 3, "join_member": "만 19세~만39세 실명의 개인고객\n(1인 1계좌)", "join_way": "스마트폰", "max_limit": 300000, "spcl_cnd": "*우대이율 최대 6.50%\n-가입기간 중 결혼 시: 5.00%\n-상품가입자간 결혼 시 추가우대: 0.50%\n-신규고객우대: 0.50%\n-당행 주택청약종합저축 보유: 0.20%\n-입출금계좌 평잔 우대: 0.30%"}}, {"model": "fin_product.savingproducts", "pk": "01211210110", "fields": {"dcls_month": 202311, "kor_co_nm": "중소기업은행", "fin_prdt_nm": "IBK썸통장(자유적립식)", "etc_note": "1인당 1계좌 가입 가능하며, 계좌당 30만원까지 납입 가능", "join_deny": 3, "join_member": "IBK썸통장(입출금식) 가입자", "join_way": "스마트폰", "max_limit": 300000, "spcl_cnd": "최고 연 0.40%p\n1. 비대면 채널을 통해 이 상품(적립식)을 가입한 경우 : 0.2%p\n2. 썸타기를 통한 맞팔 이력을 보유한 경우 : 연 0.2%p\n3. 썸 특별이자율 : 최고 연 4.35%(최초거래고객이 이 상품 계약기간 중 맞팔이력을 보유한 경우)"}}, {"model": "fin_product.savingproducts", "pk": "01211210113", "fields": {"dcls_month": 202311, "kor_co_nm": "중소기업은행", "fin_prdt_nm": "IBK D-day적금(자유적립식)", "etc_note": "1인당 3계좌 가입 가능하며, 계좌당 20만원 이내 납입 가능", "join_deny": 1, "join_member": "실명의 개인\n(개인사업자 제외)", "join_way": "스마트폰", "max_limit": 600000, "spcl_cnd": "최고 연 1.5%p\n1. 목표달성 축하금리 : 연 1.0%p\n  - 당행 입출금식 계좌에서 이 적금으로 자동이체를 통해 3회 이상 납입하고 만기일 전일까지 목표금액(신규 시 직접 설정) 이상 납입하는 경우\n2. 최초거래고객 우대금리 : 연 0.5%p"}}, {"model": "fin_product.savingproducts", "pk": "01211210121", "fields": {"dcls_month": 202311, "kor_co_nm": "중소기업은행", "fin_prdt_nm": "IBK탄소제로적금(자유적립식)", "etc_note": "1인당 1계좌 가입 가능하며, 계좌당 최소 1만원 이상 1백만원까지 납입 가능", "join_deny": 1, "join_member": "실명의 개인\n(개인사업자 제외)", "join_way": "스마트폰", "max_limit": 1000000, "spcl_cnd": "최고 연 4.00%p\n1. 에너지 절감 우대금리 : 최대 연 0.20%p\n2. 최초거래고객 우대금리 : 연 0.10%p\n3. 지로 또는 공과금 자동이체 우대금리 : 연 1.00%p"}}, {"model": "fin_product.savingproducts", "pk": "01211210122", "fields": {"dcls_month": 202311, "kor_co_nm": "중소기업은행", "fin_prdt_nm": "IBK중기근로자우대적금\n(자유적립식)", "etc_note": "1인당 1계좌 가입 가능하며, 계좌당 50만원까지 납입 가능", "join_deny": 3, "join_member": "중소기업에서 근무하는\n실명의 개인\n(개인사업자 제외)", "join_way": "영업점,스마트폰", "max_limit": 500000, "spcl_cnd": "최고 연 2.20%p\n1. 가입시점 중소기업 근로자로 확인된 경우 : 재직기간에 따라 최고 연 1.2%p\n2. 당행 급여이체 실적(월50만원 이상) 6개월 이상\n   인 경우 : 연 1.0%p"}}, {"model": "fin_product.savingproducts", "pk": "03010", "fields": {"dcls_month": 202311, "kor_co_nm": "한국산업은행", "fin_prdt_nm": "KDBdream 자유적금", "etc_note": "이자율 적용방식 선택 가능\n1) 최초납입일 고정금리식\n2) 수시납입일 고정금리식", "join_deny": 1, "join_member": "제한없음", "join_way": "영업점,인터넷,스마트폰", "max_limit": 5000000, "spcl_cnd": "KDBdream Account 계좌에서 자동이체방법으로 납입하는 경우, 연 0.10% 가산"}}, {"model": "fin_product.savingproducts", "pk": "03100", "fields": {"dcls_month": 202311, "kor_co_nm": "한국산업은행", "fin_prdt_nm": "정기적금", "etc_note": "해당없음", "join_deny": 1, "join_member": "제한없음", "join_way": "영업점", "max_limit": null, "spcl_cnd": "해당없음"}}, {"model": "fin_product.savingproducts", "pk": "03202", "fields": {"dcls_month": 202311, "kor_co_nm": "한국산업은행", "fin_prdt_nm": "KDB Hi 자유적금", "etc_note": "해당없음", "join_deny": 1, "join_member": "KDB Hi 입출금통장에 가입한 개인(개인사업자 및 임의단체 제외)\n단, 국민인 거주자에 한함", "join_way": "인터넷,스마트폰", "max_limit": 3000000, "spcl_cnd": "KDB Hi 입출금통장에서 자동이체방법으로 납입하는 경우, 연 0.10% 가산"}}, {"model": "fin_product.savingproducts", "pk": "10-01-30-031-0018-0000", "fields": {"dcls_month": 202311, "kor_co_nm": "전북은행", "fin_prdt_nm": "JB 다이렉트적금(자유적립식)", "etc_note": "1. 초회불입금 1만원이상, 1인당 월별 최고 1천만원이내\n2. 만기직전 1개월간 적립합계는 이전기간 적립금액을 초과할 수 없음\n3. 인터넷뱅킹/스마트폰뱅킹 가입상품", "join_deny": 1, "join_member": "실명의 개인(임의단체 제외)", "join_way": "인터넷,스마트폰", "max_limit": 10000000, "spcl_cnd": "추가우대금리 :\n당행 계좌간 자동이체를 통해 이 예금으로 자동이체 된 금액에 0.1% 금리 우대"}}, {"model": "fin_product.savingproducts", "pk": "10-01-30-031-0037-0000", "fields": {"dcls_month": 202311, "kor_co_nm": "전북은행", "fin_prdt_nm": "JB 카드 재테크 적금\n(정기적립식)", "etc_note": "계약기간 1년\n월별 적립한도 5만원 이상 최고 50만원 이하 (1인 1계좌)", "join_deny": 1, "join_member": "실명의 개인", "join_way": "영업점,인터넷,스마트폰", "max_limit": 500000, "spcl_cnd": "최고연4.5%우대\n1.마케팅동의연0.2%\n2.JB카드신규우대 연0.3%\n3.JB카드실적우대 연4.0%우대"}}, {"model": "fin_product.savingproducts", "pk": "10-01-30-355-0002", "fields": {"dcls_month": 202311, "kor_co_nm": "주식회사 카카오뱅크", "fin_prdt_nm": "카카오뱅크 자유적금", "etc_note": "1. 가입방법 : 스마트폰\n2. 가입금액 : 1천원 이상(원단위)\n3. 가입기간 : 6개월 이상 ~ 36개월 이하(월, 일단위 지정 가능)\n4. 월 적립한도 : 1천원 이상 월 300만원 이하 원단위(단, 자동연장된 원리금은 월 적립한도에 포함되지 않음)", "join_deny": 1, "join_member": "만 17세 이상의 실명의 개인", "join_way": "스마트폰", "max_limit": null, "spcl_cnd": "자동이체시 우대금리 제공 : 연 0.20%p\n - 제공조건 : 전체 계약월수의 1/2이상을 자동이체로 납입하고 만기 해지하는 경우\n - 유의사항 : 만기 자동연장된 원리금은 우대금리를 제공하지 않음"}}, {"model": "fin_product.savingproducts", "pk": "10-01-30-355-0005", "fields": {"dcls_month": 202311, "kor_co_nm": "주식회사 카카오뱅크", "fin_prdt_nm": "카카오뱅크 26주적금", "etc_note": "1. 가입방법 : 스마트폰\n2. 가입금액 : 1천원, 2천원, 3천원, 5천원, 1만원\n3. 가입기간 : 6개월\n4. 26주적금서비스(자동이체)를 통해서 납입이 가능하며, 그 외의 입금은 모두 제한됨\n(단, 26주적금 서비스를 통한 납입 실패 시 빈자리 채우기로 납입 가능)", "join_deny": 1, "join_member": "만 17세 이상의 실명의 개인", "join_way": "스마트폰", "max_limit": null, "spcl_cnd": "자동이체 연속 성공 우대금리 제공 : 최고 연 3.50%p\n- 제공조건\n① 7주차까지 자동이체 납입을 연속 성공하고 만기해지 하는 경우 연 1.00%p 제공\n② 26주차까지 자동이체 납입을 연속 성공하고 만기해지 하는 경우 연 2.50%p 추가 제공\n- 유의사항 : 자동이체 실패한 주차를 빈자리채우기 하여도 성공으로 인정되지 않음"}}, {"model": "fin_product.savingproducts", "pk": "10-047-1360-0002", "fields": {"dcls_month": 202311, "kor_co_nm": "농협은행주식회사", "fin_prdt_nm": "NH올원e 미니적금", "etc_note": "가입기간 1개월 이상 6개월 이하(일 단위)\n\n초입금 및 매일 1천원이상  5만원이내(천원 단위)", "join_deny": 1, "join_member": "개인", "join_way": "스마트폰", "max_limit": 1550000, "spcl_cnd": "1. 자동이체 입금횟수 우대금리 : 최고 0.5%p\n - 5회이상 : 0.2%p, 10회이상 : 0.3%p, 15회이상 0.5%p\n2. 목표금액 달성 축하금리  : 0.5%p\n3. MZ세대(만 19~34세)) 우대금리 : 0.5%p\n4. 직전 1년간 당행 예적금(청약포함) 미보유 고객 : 0.2%p"}}, {"model": "fin_product.savingproducts", "pk": "10-047-1365-0001", "fields": {"dcls_month": 202311, "kor_co_nm": "농협은행주식회사", "fin_prdt_nm": "NH1934월복리적금", "etc_note": "초입금 및 매회 1만원 이상, 월 50만원 이내 자유적립\n\n급여이체 실적과 개인사업자 계좌 실적 우대금리는 중복 적용 불가\n\n * 급여입금실적 인정기준\n  - 가입기간 12개월 이하 : 3개월 이상 급여이체\n  - 가입기간 24개월 이하 : 12개월 이상 급여이체", "join_deny": 3, "join_member": "만19세~만34세 개인 및 개인사업자", "join_way": "영업점,인터넷,스마트폰", "max_limit": 500000, "spcl_cnd": "1. 급여실적 : 1.0%p (①/② 중복 적용 불가)\n ① 급여이체 실적 : 1.0%p\n ② 개인사업자 계좌 실적 :1.0%p\n2. 비대면 채널 이체 실적 : 0.3%p\n3. 마케팅 동의 : 0.2%p\n4. 농업계고 및 청년농부사관학교 졸업자 : 2.0%p"}}, {"model": "fin_product.savingproducts", "pk": "10-047-1381-0001", "fields": {"dcls_month": 202311, "kor_co_nm": "농협은행주식회사", "fin_prdt_nm": "NH내가Green초록세상적금", "etc_note": "초입금5만원 이상 및 매회 1만원 이상, 매월50만원이내\n(단, 만기일 전 3개월 이내에는 이전 적립금 합계액을 초과하여 입금불가)\n\n※자세한 사항은 상품설명서 참조", "join_deny": 1, "join_member": "개인", "join_way": "영업점,인터넷,스마트폰", "max_limit": 500000, "spcl_cnd": "※ 우대금리 최대한도 : 1.0%p(연%, 세전)\n1. 온실가스 줄이기 실천서약서 동의 : 0.1%p\n2. 통장미발급 : 0.3%p\n3. 손하나로인증 서비스 등록 : 0.2%p\n4. 대중교통이용 : 0.2%p\n5. NH내가Green초록세상예금 동시 보유 : 0.2%p"}}, {"model": "fin_product.savingproducts", "pk": "10-047-1387-0001", "fields": {"dcls_month": 202311, "kor_co_nm": "농협은행주식회사", "fin_prdt_nm": "NH고향사랑기부적금", "etc_note": "1.초입금1만원 이상 및 매회 1천원 이상, 매월50만원이내\n(단, 만기일 전 3개월 이내에는 이전 적립금 합계액을 초과하여 입금불가)\n\n2. 고향사랑기부금 우대금리는 농협은행/농축협 영업점 또는 고향사랑e음 홈페이지를 통한 고향사랑기부금 납부실적이 확인되는 경우 제공\n\n3. 연간 판매액의 0.1% 공익기금 적립", "join_deny": 1, "join_member": "개인", "join_way": "영업점,인터넷,스마트폰", "max_limit": 500000, "spcl_cnd": "1. 고향사랑기부금 납부고객 우대 : 0.5%p\n\n2-1. 만 65세 이상 고령자 우대 : 0.1%p\n2-2. 만 19~34세 MZ고객 우대 : 0.3%p\n\n3. 고향사랑특별금리 : 0.1%p(금리시장상황에 따라 변동 가능)\n - 고향사랑특별금리는 상품 가입고객 모두에게 적용"}}, {"model": "fin_product.savingproducts", "pk": "10-059-1264-0001", "fields": {"dcls_month": 202311, "kor_co_nm": "농협은행주식회사", "fin_prdt_nm": "NH직장인월복리적금", "etc_note": "초입금 및 매회 입금 1만원 이상 원 단위,  1인당 분기별 3백만원 이내 적립 가능\n(단,계약기간 3/4 경과 후 적립할 수 있는 금액은 이전 적립누계액의 1/2이내)", "join_deny": 3, "join_member": "만18세이상 개인", "join_way": "영업점,인터넷,스마트폰", "max_limit": 3000000, "spcl_cnd": "1. 급여입금실적 보유 고객 중\n - 가입기간 중 3개월 이상 급여이체시 : 0.3%p\n - 주택청약종합저축 또는 펀드가입 : 0.2%p\n - NH채움카드 결제실적 1백만원 이상 : 0.2%p\n2. 인터넷(스마트)뱅킹 또는 올원뱅크로 가입 : 0.1%p"}}, {"model": "fin_product.savingproducts", "pk": "1001303001001", "fields": {"dcls_month": 202311, "kor_co_nm": "토스뱅크 주식회사", "fin_prdt_nm": "토스뱅크 키워봐요 적금", "etc_note": "· 1인 1계좌 (단, 이벤트 등으로 토스뱅크가 복수의 계좌개설을 허용하는 경우 추가 개설 가능)\n· 가입금액 : 0원\n· 우대금리는 우대조건을 달성하고 만기 해지하는 경우에만 제공됨", "join_deny": 1, "join_member": "· 토스뱅크 통장 또는 토스뱅크 서브 통장을 보유한 실명의 개인", "join_way": "스마트폰", "max_limit": 1000000, "spcl_cnd": "· 적금 가입 시 설정되는 주 단위 자동이체를 통하여 25회 이상 적립한 경우 : 연2.50% 제공"}}, {"model": "fin_product.savingproducts", "pk": "1001303001003", "fields": {"dcls_month": 202311, "kor_co_nm": "토스뱅크 주식회사", "fin_prdt_nm": "토스뱅크 굴비 적금", "etc_note": "· 1인 1계좌 (단, 이벤트 등으로 토스뱅크가 복수의 계좌개설을 허용하는 경우 추가 개설 가능)\n· 가입금액 : 0원\n· 우대금리는 만기 해지하는 경우에만 제공됨", "join_deny": 1, "join_member": "· 토스뱅크 통장 또는 토스뱅크 서브 통장을 보유한 실명의 개인", "join_way": "스마트폰", "max_limit": 300000, "spcl_cnd": "· 만기 해지 시 : 연3.00% 제공"}}, {"model": "fin_product.savingproducts", "pk": "1001303001004", "fields": {"dcls_month": 202311, "kor_co_nm": "토스뱅크 주식회사", "fin_prdt_nm": "토스뱅크 자유 적금", "etc_note": "· 1인 1계좌 (단, 이벤트 등으로 토스뱅크가 복수의 계좌개설을 허용하는 경우 추가 개설 가능)\n· 가입금액 : 0원 이상 300만원 이하\n· 우대금리는 만기 해지하는 경우에만 제공됨", "join_deny": 1, "join_member": "· 토스뱅크 통장 또는 토스뱅크 서브 통장을 보유한 실명의 개인", "join_way": "스마트폰", "max_limit": 3000000, "spcl_cnd": "· 적금 가입 시 설정되는 월 단위 자동이체를 모두 성공하는 경우 : 연 2.00% 제공"}}, {"model": "fin_product.savingproducts", "pk": "1001303001005", "fields": {"dcls_month": 202311, "kor_co_nm": "토스뱅크 주식회사", "fin_prdt_nm": "토스뱅크 아이 적금", "etc_note": "· 1인 1계좌 \n· 가입금액 : 0원\n· 우대금리는 만기 해지하는 경우에만 제공됨", "join_deny": 3, "join_member": "· 토스뱅크 아이 통장을 보유한 15세 이하 실명의 개인", "join_way": "스마트폰", "max_limit": 200000, "spcl_cnd": "· 적금 가입 시 설정되는 월 단위 자동이체를 모두 성공하는 경우 : 연 2.50% 제공"}}, {"model": "fin_product.savingproducts", "pk": "10140110400011", "fields": {"dcls_month": 202311, "kor_co_nm": "수협은행", "fin_prdt_nm": "Sh평생주거래우대적금", "etc_note": "- 1인 1계좌 \n- 월 가입한도 : 100만원", "join_deny": 1, "join_member": "실명의 개인", "join_way": "영업점", "max_limit": 1000000, "spcl_cnd": "*최대우대금리:1.2%\n신규시적용금리\n-자동이체출금3건이상:0.2%\n-최초예적금고객/재예치/장기거래각0.05%(최대0.1%)\n만기시적용금리:최대0.9%\n-급여,연금이체/수협카드결제각0.3%\n-공과금이체최대0.3%\n※단위:연%p"}}, {"model": "fin_product.savingproducts", "pk": "10140114300011", "fields": {"dcls_month": 202311, "kor_co_nm": "수협은행", "fin_prdt_nm": "Sh해양플라스틱Zero!적금\n(정액적립식)", "etc_note": "- 1인 1계좌 \n- 월 가입한도 : 100만원", "join_deny": 1, "join_member": "실명의 개인", "join_way": "영업점,인터넷,스마트폰", "max_limit": 1000000, "spcl_cnd": "* 최대우대금리:0.5%\n1. 해양플라스틱감축서약 : 0.1% (신규시) \n2. 봉사활동 또는 상품홍보 : 0.2% (만기시) \n3. 입출금통장 최초신규 : 0.2% (만기시)\n4. 자동이체 출금실적 : 0.2% (만기시)\n - 수협신용카드 / 당행 펀드 / 수협체크카드\n※단위:연%p"}}, {"model": "fin_product.savingproducts", "pk": "10140114700031", "fields": {"dcls_month": 202311, "kor_co_nm": "수협은행", "fin_prdt_nm": "헤이(Hey)적금(정액적립식)", "etc_note": "*1인 1계좌\n*월 가입한도 : 50만원\n*스마트폰 전용", "join_deny": 1, "join_member": "실명의 개인", "join_way": "스마트폰", "max_limit": 500000, "spcl_cnd": "* 최대우대금리:0.9%\n1. 마케팅동의 : 0.1% (신규시) \n2. 자동이체 납입 : 0.5% (만기시) \n3. 예·적금 신규고객 : 0.3% (신규시)\n4. 예·적금 만기후 1개월 이내 재가입고객 : 0.3%(신규시)\n※단위:연%p"}}, {"model": "fin_product.savingproducts", "pk": "10141109800021", "fields": {"dcls_month": 202311, "kor_co_nm": "수협은행", "fin_prdt_nm": "Sh월복리자유적금", "etc_note": "- 1인 1계좌\n- 월 가입한도 : 100만원", "join_deny": 1, "join_member": "실명의 개인 및 개인사업자", "join_way": "영업점,인터넷,스마트폰", "max_limit": 1000000, "spcl_cnd": "*최대우대금리:0.7%\n-첫거래고객:0.3%\n-카드거래:최대0.3%\n-복수거래:0.1%\n-요구불거래:최대0.2%\n-인터넷뱅킹고객:0.1%\n-자동이체실적:0.1%\n※단위:연%p"}}, {"model": "fin_product.savingproducts", "pk": "10141114300011", "fields": {"dcls_month": 202311, "kor_co_nm": "수협은행", "fin_prdt_nm": "Sh해양플라스틱Zero!적금\n(자유적립식)", "etc_note": "- 1인 1계좌 \n- 월 가입한도 : 20만원", "join_deny": 1, "join_member": "실명의 개인", "join_way": "영업점,인터넷,스마트폰", "max_limit": 200000, "spcl_cnd": "* 최대우대금리:0.5%\n1. 해양플라스틱감축서약 : 0.1% (신규시) \n2. 봉사활동 또는 상품홍보 : 0.2% (만기시) \n3. 입출금통장 최초신규 : 0.2% (만기시)\n4. 자동이체 출금실적 : 0.2% (만기시)\n - 수협신용카드 / 당행 펀드 / 수협체크카드\n※단위:연%p"}}, {"model": "fin_product.savingproducts", "pk": "10141114700031", "fields": {"dcls_month": 202311, "kor_co_nm": "수협은행", "fin_prdt_nm": "헤이(Hey)적금(자유적립식)", "etc_note": "*1인 1계좌\n*월 가입한도 : 50만원\n*스마트폰 전용", "join_deny": 1, "join_member": "실명의 개인", "join_way": "스마트폰", "max_limit": 500000, "spcl_cnd": "* 최대우대금리:0.9%\n1. 마케팅동의 : 0.1% (신규시) \n2. 자동이체 납입 : 0.5% (만기시) \n3. 예·적금 신규고객 : 0.3% (신규시)\n4. 예·적금 만기후 1개월 이내 재가입고객 : 0.3%(신규시)\n※단위:연%p"}}, {"model": "fin_product.savingproducts", "pk": "10141116600001", "fields": {"dcls_month": 202311, "kor_co_nm": "수협은행", "fin_prdt_nm": "Sh수산물을좋아海적금", "etc_note": "*1인 1계좌\n*월 가입한도 : 30만원\n*영업점, 스마트폰뱅킹", "join_deny": 1, "join_member": "실명의 개인", "join_way": "영업점,스마트폰", "max_limit": 300000, "spcl_cnd": "* 최대우대금리:4%\n1.수산물소비캠페인동참서약:0.1%(신규시)\n2.마케팅동의:0.1%(만기해지시)\n3.수산물구매실적:최대3%(만기해지시)\n4.MY자산가입:0.3%(만기해지시)\n5.거래실적::0.5%(만기해지시)\n -적금으로자동이체횟수/ 신용카드출금실적"}}, {"model": "fin_product.savingproducts", "pk": "10521001000846001", "fields": {"dcls_month": 202311, "kor_co_nm": "대구은행", "fin_prdt_nm": "내손안에 적금", "etc_note": "1. 1계좌당 가입한도 : 월 100만원 \n(최저 10만원 이상)\n2. iM뱅크 전용상품", "join_deny": 1, "join_member": "실명의 개인", "join_way": "스마트폰", "max_limit": 1000000, "spcl_cnd": "* 최고우대금리 : 연0.55%p\n - 대구은행 인터넷뱅킹,스마트뱅킹을 통하여 최초로 적립식예금 가입 시 : 연0.20%p\n - 상품 가입 전 최근 3개월 이내 대구은행 인터넷,스마트 뱅킹을 통한 이체거래 3회 이상 : 연0.10%p\n- 상품 가입 전 수수료우대 통장 보유 고객 : 연0.20%p\n* 상품을 스마트뱅킹을 통해 가입 시 : 연0.05%p"}}, {"model": "fin_product.savingproducts", "pk": "10521001001177000", "fields": {"dcls_month": 202311, "kor_co_nm": "대구은행", "fin_prdt_nm": "마이(My)적금", "etc_note": "1계좌당 가입한도 : 월 50만원 \n(최저 1만원 이상)", "join_deny": 1, "join_member": "실명의 개인", "join_way": "영업점,인터넷,스마트폰", "max_limit": 500000, "spcl_cnd": "* 최고우대금리 : 연0.90%p\n\n- 주택청약종합저축or대출 보유 : 연0.20%p\n- 공과금 자동이체 실적/신규등록\n- 증권연계계좌 보유\n- 비대면 가입 상품 보유\n- 카카오페이 실적 \n- 대구은행 카드 실적\n- 환전 실적 \n- IM뱅크앱 통한 가입 \n각 연0.10%p\n* 상품을 인터넷/스마트뱅킹을 통해 가입시 : 연0.05%p"}}, {"model": "fin_product.savingproducts", "pk": "10527001000925000", "fields": {"dcls_month": 202311, "kor_co_nm": "대구은행", "fin_prdt_nm": "영플러스적금", "etc_note": "1계좌당 가입한도 : 월 50만원\n( 최저1만원 이상)", "join_deny": 3, "join_member": "만 29세 이하 개인", "join_way": "영업점,인터넷,스마트폰", "max_limit": 500000, "spcl_cnd": "* 최고우대금리 : 연0.55%p\n- 상품 가입 전 영플러스통장 보유 또는 재예치일 기준 영플러스통장 전월 평잔 10만원 이상 : 연0.10%p\n- 예금기간 중 입금횟수 10회 이상 : 연0.10%p\n- 입학 및 졸업 축하금리 : 연0.30%p\n*상품을 인터넷/스마트뱅크를 통해 가입시 우대 : 연0.05%p"}}, {"model": "fin_product.savingproducts", "pk": "10527001001272000", "fields": {"dcls_month": 202311, "kor_co_nm": "대구은행", "fin_prdt_nm": "내가만든 보너스적금", "etc_note": "1계좌당 가입한도 : 월20만원 \n(최저 1만원 이상)", "join_deny": 1, "join_member": "실명의 개인", "join_way": "영업점,인터넷,스마트폰", "max_limit": 200000, "spcl_cnd": "*최고우대금리: 연0.80%p\n-비대면 채널로 신규: 연0.20%p\n-상품 가입 전 마케팅활용[개인(신용)정보,수집,이용동의] 전체 동의: 연0.20%p\n(계약기간 1년인 경우 만기일 기준)\n-DGB대구은행 계좌로 자동이체 8회 이상 입금: 연0.20%p\n-원금 합계 100만원이상 : 연0.10%p 또는 원금합계 200만원이상: 연0.20%p"}}, {"model": "fin_product.savingproducts", "pk": "10527001001278000", "fields": {"dcls_month": 202311, "kor_co_nm": "대구은행", "fin_prdt_nm": "IM스마트적금", "etc_note": "1. 1계좌당 가입한도 : 월 100만원 \n(최저 10만원 이상)\n2. 비대면채널 전용상품", "join_deny": 1, "join_member": "실명의 개인", "join_way": "인터넷,스마트폰", "max_limit": 1000000, "spcl_cnd": "* 최고우대금리 : 연0.45%p\n- 가입일로부터 3개월 이내 1가지 이상 요건 충족시 : 연0.20%p\n① 대구은행 주택청약종합저축 보유\n② 대구은행 신용(체크)카드 결제실적 보유\n- 전체 계약월수 중 1/2이상 DGB대구은행 계좌에서 자동이체 납입 시 : 연0.20%p\n* 상품을 인터넷/스마트뱅크를 통해 가입시 우대 : 연0.05%p"}}, {"model": "fin_product.savingproducts", "pk": "21000111", "fields": {"dcls_month": 202311, "kor_co_nm": "경남은행", "fin_prdt_nm": "행복Dream적금", "etc_note": "1. 계약기간은 1년 이상 3년 이하 월단위\n2. 적립금액은 5만원 이상, 최고금액은 제한없음", "join_deny": 1, "join_member": "개인 및 개인사업자", "join_way": "영업점,인터넷,스마트폰,전화(텔레뱅킹)", "max_limit": null, "spcl_cnd": "①신규일로부터 6개월전까지 당행 적금 미보유 0.2%\n②월부금이 50만원 이상인 경우 0.20%\n③이 예금을 자동이체로 납입하는 경우 0.2%\n④신용(체크)카드 최초발급 후 10만원 이내 이용 0.2%\n⑤ 전자명함을 통한 신규 시 0.2%"}}, {"model": "fin_product.savingproducts", "pk": "21001116", "fields": {"dcls_month": 202311, "kor_co_nm": "경남은행", "fin_prdt_nm": "BNK더조은자유적금", "etc_note": "1. 계약기간은 6개월 이상 2년 이내 월단위로 한다.\n2. 초입금 1만원 이상 월별 500만원 이내에서 자유롭게 저축\n3. 최대 저축횟수는 999회 이내", "join_deny": 1, "join_member": "거래대상자는 제한을 두지 아니한다. 다만, 국가 및 지방자치단체는 이 예금을 거래할 수 없다.", "join_way": "인터넷,스마트폰", "max_limit": 5000000, "spcl_cnd": "①오픈뱅킹서비스 가입 0.20%(만기까지 유지)\n②당행 입출금통장에서 자동이체시 입금건별 0.20%\n③이 상품 신규시 금리우대쿠폰을 등록할 경우 0.30%"}}, {"model": "fin_product.savingproducts", "pk": "21001199", "fields": {"dcls_month": 202311, "kor_co_nm": "경남은행", "fin_prdt_nm": "BNK 위더스(With-us)자유적금", "etc_note": "1.1인 1계좌\n2.매월 최소 1만원 이상, 최고 100만원 이하 (천원 단위)", "join_deny": 1, "join_member": "개인 및 개인사업자", "join_way": "영업점,인터넷,스마트폰,기타", "max_limit": null, "spcl_cnd": "①ESG 실천 우대금리 1.50%\n- 영업점 가입 및 증빙서류 지참 한하여 적용\n(2023.8.17 ~ 2023.11.30 이후 0.5%)\n②신규고객 우대금리 0.50%\n- 당행 1년 이내예적금(청약포함)신규해지 이력미보유\n③공동가입우대금리 1.50%"}}, {"model": "fin_product.savingproducts", "pk": "21001236", "fields": {"dcls_month": 202311, "kor_co_nm": "경남은행", "fin_prdt_nm": "주거래프리미엄적금", "etc_note": "1.1년제, 2년제, 3년제\n2. 적립금액은 매월 1만원이상, 최고금액은 제한없음", "join_deny": 1, "join_member": "개인 및 개인사업자", "join_way": "영업점,인터넷,스마트폰", "max_limit": null, "spcl_cnd": "①주거래우대 0.50%\n②공과금 자동이체 0.40~0.60%\n③신규고객 0.20%\n④주택청약종합저축 보유 0.10%\n⑤ 전자명함을 통한 신규 시 0.2%"}}, {"model": "fin_product.savingproducts", "pk": "21001259", "fields": {"dcls_month": 202311, "kor_co_nm": "경남은행", "fin_prdt_nm": "오늘도세이브적금", "etc_note": "1. 계약기간은 1개월 이상 6개월 이내 월단위로 한다.\n2. 초입금 1천원 이상 10만원 이하 자유롭게 저축\n3. 최대 저축횟수는 999회 이내", "join_deny": 1, "join_member": "실명의 개인 및 개인사업자", "join_way": "인터넷,스마트폰", "max_limit": null, "spcl_cnd": "①마케팅동의 0.15%\n②목돈마련 축하이율 0.20~1.00%\n③친구 추천번호 0.30~0.60%\n④이벤트(만40세미만 이적금가입) 0.50%\n   ※이벤트기간: 9/25~11/30"}}, {"model": "fin_product.savingproducts", "pk": "220002101", "fields": {"dcls_month": 202311, "kor_co_nm": "제주은행", "fin_prdt_nm": "jBANK 저금통적금", "etc_note": "월 납입한도 50만원 이하", "join_deny": 1, "join_member": "개인 및 개인사업자", "join_way": "인터넷,스마트폰", "max_limit": 500000, "spcl_cnd": "* 거래조건에 따라 최고 2.1%p 우대금리 적용\n① 자투리 출금계좌 평잔 50만원 이상 유지 : 0.8%p\n② 첫거래고객 or JBANK저금통적금 1개월 내 재신규 : 0.5%p\n③ 신규가입 시점에서 적금 목표금액 최소 30만원 이상 설정하고, 적금 신규일로부터 3개월 내 잔액이 목표금액 이상인 경우 :0.5%p\n④ 추천인 우대금리 : 0.30%p"}}, {"model": "fin_product.savingproducts", "pk": "220002301", "fields": {"dcls_month": 202311, "kor_co_nm": "제주은행", "fin_prdt_nm": "더탐나는적금3", "etc_note": "월 납입한도 30만원 이하", "join_deny": 1, "join_member": "개인 및 개인사업자", "join_way": "영업점,스마트폰", "max_limit": 300000, "spcl_cnd": "* 거래조건에 따라 최고 1.5%p 우대금리 적용\n① 급여이체 또는 카드가맹점 이체 실적시 : 0.5%p\n② 신용카드 및 체크카드 합산 사용실적에 따른 최고 우대금리 : 0.6%p\n③ 신규거래 고객 또는 기존 더 탐나는 적금1,2 가입 이력시 : 0.30%p\n④ 모바일(JBANK, 모바일 웹뱅킹)으로 신규시 : 0.10%P"}}, {"model": "fin_product.savingproducts", "pk": "220002501", "fields": {"dcls_month": 202311, "kor_co_nm": "제주은행", "fin_prdt_nm": "MZ플랜적금", "etc_note": "월 납입한도 30만원 이하", "join_deny": 1, "join_member": "개인 및 개인사업자", "join_way": "영업점,스마트폰", "max_limit": 300000, "spcl_cnd": "①매월 4회이상 지속적 납입시:1년제- 0.3%, 2년제-0.50%\n② 목표 금액 달성:0.3%\n③ 매월 50만원 이상 급여이체, 매월 카드 가맹점 대금 이체실적: 0.20%\n④ 신용카드,체크카드 합산 사용액 월10만원 이상 사용: 0.20%\n⑤ 제주은행 신규 거래 고객 : 0.30%\n⑥ 비대면 신규: 0.10%\n* 청년이니까응원합니다 이벤트 : 0.50%"}}, {"model": "fin_product.savingproducts", "pk": "220002701", "fields": {"dcls_month": 202311, "kor_co_nm": "제주은행", "fin_prdt_nm": "탐이나요적금", "etc_note": "월 납입한도 100만원 이하", "join_deny": 1, "join_member": "개인 및 개인사업자", "join_way": "인터넷,스마트폰", "max_limit": 1000000, "spcl_cnd": "아래의 우대요건 충족시 최고 2.7%p 추가 우대(만기시 제공)\n(공통)매월 JBANK로그인 시 0.2%\n 한 가지라도 수행시 2.5% 제공\n①추천인 코드로 3명 이상 가입시 \n②탐나는전 체크카드 월30만원 이상 사용 유지 시 \n③탐나는전 선불카드 충전계좌를 당행 입출금계좌로 등록 후 평잔 50만원 이상 유지 시"}}, {"model": "fin_product.savingproducts", "pk": "230-0119-85", "fields": {"dcls_month": 202311, "kor_co_nm": "신한은행", "fin_prdt_nm": "신한 알.쏠 적금", "etc_note": "1. 가입한도: \n월300만원 이하\n2. 1인 다계좌", "join_deny": 1, "join_member": "제한없음", "join_way": "영업점,스마트폰", "max_limit": 3000000, "spcl_cnd": "※가산금리 최고 연 1.30%\n- 소득이체 : 연 0.6%\n- 카드이용 : 연 0.3%\n- 오픈뱅킹 : 연 0.6%\n- 청약보유 : 연 0.3%\n- 마케팅동의 : 연 0.1%\n※ 우대금리 항목별 자세한 적용 조건은 상품설명서 참조"}}, {"model": "fin_product.savingproducts", "pk": "52", "fields": {"dcls_month": 202311, "kor_co_nm": "하나은행", "fin_prdt_nm": "주거래하나 월복리적금", "etc_note": "1. 1인 1계좌만 가능\n(급여하나월복리적금,연금하나 월복리적금과 중복가입 불가)\n2. 가입금액 \n - 최저1만원~300만원이하\n3. 적립한도\n 분기당 1만원이상 300만원\n (자유적립식)", "join_deny": 1, "join_member": "실명의 개인\n또는 개인사업자", "join_way": "영업점,인터넷,스마트폰", "max_limit": 3000000, "spcl_cnd": "최고 연1.0%\n- 주거래하나우대(연 0.5%) : 적금만기 전전월말기준 본인명의 당행입출금통장을 통해 계약기간 1/2이상 이체된 주거래실적 1종  - 주거래플러스우대(연 0.9%) : 주거래 하나우대와 동일요건의 거래실적 2종이상 경우 \n- 온라인.재예치우대 연 최대 0.1%"}}, {"model": "fin_product.savingproducts", "pk": "53", "fields": {"dcls_month": 202311, "kor_co_nm": "하나은행", "fin_prdt_nm": "내맘적금", "etc_note": "1. 1인 다계좌 가능\n2. 가입금액\n   - 1천원 이상~1,000만원 이하(원단위)\n3. 적립한도\n    - 자유적립식 : 매월 1원 이상~1,000만원 이하(원단위)\n    - 정액적립식 : 매월 1천원 이상~1,000만원 이하(원단위)", "join_deny": 1, "join_member": "실명의 개인\n또는 개인사업자(1인 다계좌 가능)", "join_way": "영업점,인터넷,스마트폰,전화(텔레뱅킹)", "max_limit": 10000000, "spcl_cnd": "하나은행 통장에서 계약기간의 1/2이상 월부금 자동이체실적 충족 시 연 0.50%"}}, {"model": "fin_product.savingproducts", "pk": "TD11330029000", "fields": {"dcls_month": 202311, "kor_co_nm": "광주은행", "fin_prdt_nm": "해피라이프_여행스케치적금V", "etc_note": "1. 가입기간 : 6개월이상 3년제\n2. 가입금액 : 월5만원 이상 5백만원 이하 (1인1계좌)", "join_deny": 1, "join_member": "제한없음(단,국가및지방자치단체제외)", "join_way": "영업점,스마트폰", "max_limit": 5000000, "spcl_cnd": "▶ 최고우대금리 1.20%p  \n①해피라이프_여행스케치외화적금V 동일자가입 0.5%p \n②해지원금 기준 500만원이상 : 최고0.2%p\n③신용(체크)카드사용실적300만원이상:최고 0.3%p\n④개인(신용)정보 동의: 0.2%p"}}, {"model": "fin_product.savingproducts", "pk": "TD11330030000", "fields": {"dcls_month": 202311, "kor_co_nm": "광주은행", "fin_prdt_nm": "여행스케치_남도투어적금", "etc_note": "1. 가입기간 :12개월제,18개월제\n2. 가입금액 : 월 5만원 이상 1백만원 이하 (1인1계좌)\n※ 18개월 정액식 기본금리 3.3%, 최고금리 5.2%", "join_deny": 1, "join_member": "만14세이상 개인 및 개인사업자", "join_way": "영업점,스마트폰", "max_limit": 1000000, "spcl_cnd": "▶ 최고우대금리 1.9%p \n①예금가입일~만기일전일까지 당행이선정한 전라남도 관광지 방문 인증시 : 최고 1.5%p\n②신용(체크)카드사용실적300만원이상:최고 0.3%p\n③개인(신용)정보 동의: 0.1%p"}}, {"model": "fin_product.savingproducts", "pk": "TD11330031000", "fields": {"dcls_month": 202311, "kor_co_nm": "광주은행", "fin_prdt_nm": "VIP플러스적금", "etc_note": "1. 가입기간 : 1년제\n2. 가입금액 : 월10만원 이상 5백만원 이하 (1인1계좌)", "join_deny": 1, "join_member": "실명의 개인", "join_way": "영업점,인터넷,스마트폰", "max_limit": 5000000, "spcl_cnd": "▶ 최고우대금리 0.50%p  \n①이 예금가입시 VIP고객이거나 가입일 이후부터 만기일전일까지 VIP고객에 선정된 경험이 있는 경우 : 0.3%p \n②이 예금 가입일에 정기예금 500만원이상(만기 1년이상) 가입하고 만기일 전일까지 유지한 경우 : 0.2%p"}}, {"model": "fin_product.savingproducts", "pk": "TD11330032000", "fields": {"dcls_month": 202311, "kor_co_nm": "광주은행", "fin_prdt_nm": "텔레파시적금", "etc_note": "1. 가입기간 : 1년제\n2. 가입금액 : 월 5만원 이상 50만원 이하 (1인1계좌)", "join_deny": 1, "join_member": "실명의 개인", "join_way": "스마트폰", "max_limit": 500000, "spcl_cnd": "▶ 최고우대금리 0.80%p  \n ①전전월말 기준 예적금 등 계좌 및 거래가 없는경우: 0.8%p \n ②당행 적금계좌 만기 해지일로부터 1개월 이내 이 예금으로 재가입한 고객: 0.5%p\n▶ 퀴즈이벤트금리 최고 2.00%p\n  - 최대 참여가능 횟수 20회 X 회당 우대금리 연 0.1%p"}}, {"model": "fin_product.savingproducts", "pk": "WR0001F", "fields": {"dcls_month": 202311, "kor_co_nm": "우리은행", "fin_prdt_nm": "우리SUPER주거래적금", "etc_note": "-거래실적인정기간:신규일이 포함된 달로부터 만기일이 속한 달의 전전달까지\n-우대조건 필수 충족기간 : 1년: 6개월 이상 / 2년: 12개월 이상 / 3년 : 18개월 이상", "join_deny": 1, "join_member": "실명의 개인", "join_way": "영업점,인터넷,스마트폰,전화(텔레뱅킹)", "max_limit": 500000, "spcl_cnd": "- 최대 연 1.9%p 우대\n1. 신규 시 최대 1.0%p\n①첫 거래 고객 : 연 1.0%p\n2.거거래기간 실적 충족시 최대 0.9%p\n①급여,연금이체를 하거나 다이렉트 해외송금 실적: 연 0.5%p\n②공과금 자동이체 : 연 0.2%p\n③우리카드실적 및 당행 결제계좌 지정 : 연 0.2%p"}}, {"model": "fin_product.savingproducts", "pk": "WR0001L", "fields": {"dcls_month": 202311, "kor_co_nm": "우리은행", "fin_prdt_nm": "WON적금", "etc_note": "스마트 뱅킹에서만 가입가능", "join_deny": 1, "join_member": "실명의 개인", "join_way": "스마트폰,전화(텔레뱅킹)", "max_limit": 500000, "spcl_cnd": "1.WON통장, 우리 꿈통장으로 연결하여 가입 시 만기시 연 0.1%p 우대금리 적용\n2.우리 오픈뱅킹 서비스 가입 및 만기해지시 우리 오픈뱅킹 서비스에 타행계좌가 등록되어 있는 경우 0.1%P 우대금리 적용"}}, {"model": "fin_product.savingdebate", "pk": 1, "fields": {"fin_prdt_cd": "01020400610001", "user": 1, "content": "ㅇㅈ", "created": "2023-11-22T05:37:40.142Z"}}, {"model": "fin_product.savingoptions", "pk": 1, "fields": {"fin_prdt_cd": "WR0001F", "intr_rate_type": "S", "intr_rate_type_nm": "단리", "intr_rate": 2.75, "intr_rate2": 4.65, "save_trm": 12, "max_saving_output": 16500000.0, "into_users": [1, 2, 3, 4, 5, 6, 7, 8, 9]}}, {"model": "fin_product.savingoptions", "pk": 2, "fields": {"fin_prdt_cd": "WR0001F", "intr_rate_type": "S", "intr_rate_type_nm": "단리", "intr_rate": 2.8, "intr_rate2": 4.7, "save_trm": 24, "max_saving_output": 33600000.0, "into_users": [1, 2, 3, 5, 6, 7, 8, 9, 10]}}, {"model": "fin_product.savingoptions", "pk": 3, "fields": {"fin_prdt_cd": "WR0001F", "intr_rate_type": "S", "intr_rate_type_nm": "단리", "intr_rate": 2.85, "intr_rate2": 4.75, "save_trm": 36, "max_saving_output": 51300000.0, "into_users": [2, 5]}}, {"model": "fin_product.savingoptions", "pk": 4, "fields": {"fin_prdt_cd": "WR0001L", "intr_rate_type": "S", "intr_rate_type_nm": "단리", "intr_rate": 4.0, "intr_rate2": 4.2, "save_trm": 12, "max_saving_output": 24000000.0, "into_users": [4]}}, {"model": "fin_product.savingoptions", "pk": 5, "fields": {"fin_prdt_cd": "00266451", "intr_rate_type": "S", "intr_rate_type_nm": "단리", "intr_rate": 3.1, "intr_rate2": 3.1, "save_trm": 6, "max_saving_output": 186000000.0, "into_users": [1, 2, 3, 5, 6, 8, 10]}}, {"model": "fin_product.savingoptions", "pk": 6, "fields": {"fin_prdt_cd": "00266451", "intr_rate_type": "S", "intr_rate_type_nm": "단리", "intr_rate": 3.45, "intr_rate2": 3.45, "save_trm": 36, "max_saving_output": 1242000000.0, "into_users": [1, 2, 5, 6, 7, 8, 9]}}, {"model": "fin_product.savingoptions", "pk": 7, "fields": {"fin_prdt_cd": "00266451", "intr_rate_type": "S", "intr_rate_type_nm": "단리", "intr_rate": 3.4, "intr_rate2": 3.4, "save_trm": 24, "max_saving_output": 816000000.0, "into_users": [2, 4, 5, 6, 7, 10]}}, {"model": "fin_product.savingoptions", "pk": 8, "fields": {"fin_prdt_cd": "00266451", "intr_rate_type": "S", "intr_rate_type_nm": "단리", "intr_rate": 3.35, "intr_rate2": 3.35, "save_trm": 12, "max_saving_output": 402000000.0, "into_users": [1, 3, 10]}}, {"model": "fin_product.savingoptions", "pk": 9, "fields": {"fin_prdt_cd": "10521001000846001", "intr_rate_type": "S", "intr_rate_type_nm": "단리", "intr_rate": 3.46, "intr_rate2": 4.01, "save_trm": 12, "max_saving_output": 41520000.0, "into_users": [1, 3, 6, 8]}}, {"model": "fin_product.savingoptions", "pk": 10, "fields": {"fin_prdt_cd": "10521001000846001", "intr_rate_type": "S", "intr_rate_type_nm": "단리", "intr_rate": 3.48, "intr_rate2": 4.03, "save_trm": 24, "max_saving_output": 83520000.0, "into_users": [4]}}, {"model": "fin_product.savingoptions", "pk": 11, "fields": {"fin_prdt_cd": "10521001000846001", "intr_rate_type": "S", "intr_rate_type_nm": "단리", "intr_rate": 3.5, "intr_rate2": 4.05, "save_trm": 36, "max_saving_output": 126000000.0, "into_users": []}}, {"model": "fin_product.savingoptions", "pk": 12, "fields": {"fin_prdt_cd": "10521001001177000", "intr_rate_type": "S", "intr_rate_type_nm": "단리", "intr_rate": 3.5, "intr_rate2": 4.4, "save_trm": 36, "max_saving_output": 63000000.0, "into_users": [3]}}, {"model": "fin_product.savingoptions", "pk": 13, "fields": {"fin_prdt_cd": "10521001001177000", "intr_rate_type": "S", "intr_rate_type_nm": "단리", "intr_rate": 3.48, "intr_rate2": 4.38, "save_trm": 24, "max_saving_output": 41760000.0, "into_users": [3, 8]}}, {"model": "fin_product.savingoptions", "pk": 14, "fields": {"fin_prdt_cd": "10521001001177000", "intr_rate_type": "S", "intr_rate_type_nm": "단리", "intr_rate": 3.46, "intr_rate2": 4.36, "save_trm": 12, "max_saving_output": 20760000.0, "into_users": [1, 4, 5, 6, 7, 8, 9, 10]}}, {"model": "fin_product.savingoptions", "pk": 15, "fields": {"fin_prdt_cd": "10527001000925000", "intr_rate_type": "S", "intr_rate_type_nm": "단리", "intr_rate": 3.66, "intr_rate2": 4.21, "save_trm": 12, "max_saving_output": 21960000.0, "into_users": [5, 6, 7, 9]}}, {"model": "fin_product.savingoptions", "pk": 16, "fields": {"fin_prdt_cd": "10527001001272000", "intr_rate_type": "S", "intr_rate_type_nm": "단리", "intr_rate": 3.8, "intr_rate2": 4.6, "save_trm": 12, "max_saving_output": 9120000.0, "into_users": [2, 3, 5, 7, 8, 9]}}, {"model": "fin_product.savingoptions", "pk": 17, "fields": {"fin_prdt_cd": "10527001001272000", "intr_rate_type": "S", "intr_rate_type_nm": "단리", "intr_rate": 3.05, "intr_rate2": 3.85, "save_trm": 6, "max_saving_output": 3660000.0, "into_users": [1, 2, 3, 4, 5, 6, 7, 8]}}, {"model": "fin_product.savingoptions", "pk": 18, "fields": {"fin_prdt_cd": "10527001001278000", "intr_rate_type": "S", "intr_rate_type_nm": "단리", "intr_rate": 3.45, "intr_rate2": 3.9, "save_trm": 12, "max_saving_output": 41400000.0, "into_users": [2, 4]}}, {"model": "fin_product.savingoptions", "pk": 19, "fields": {"fin_prdt_cd": "10527001001278000", "intr_rate_type": "S", "intr_rate_type_nm": "단리", "intr_rate": 3.5, "intr_rate2": 3.95, "save_trm": 24, "max_saving_output": 84000000.0, "into_users": [5]}}, {"model": "fin_product.savingoptions", "pk": 20, "fields": {"fin_prdt_cd": "10527001001278000", "intr_rate_type": "S", "intr_rate_type_nm": "단리", "intr_rate": 3.55, "intr_rate2": 4.0, "save_trm": 36, "max_saving_output": 127800000.0, "into_users": []}}, {"model": "fin_product.savingoptions", "pk": 21, "fields": {"fin_prdt_cd": "10527001001278000", "intr_rate_type": "S", "intr_rate_type_nm": "단리", "intr_rate": 2.75, "intr_rate2": 3.2, "save_trm": 6, "max_saving_output": 16500000.0, "into_users": [1, 3, 4, 5, 7, 9, 10]}}, {"model": "fin_product.savingoptions", "pk": 22, "fields": {"fin_prdt_cd": "01020400380001", "intr_rate_type": "S", "intr_rate_type_nm": "단리", "intr_rate": 3.85, "intr_rate2": 5.75, "save_trm": 36, "max_saving_output": 415800000.0, "into_users": [3]}}, {"model": "fin_product.savingoptions", "pk": 23, "fields": {"fin_prdt_cd": "01020400380001", "intr_rate_type": "S", "intr_rate_type_nm": "단리", "intr_rate": 3.75, "intr_rate2": 5.65, "save_trm": 24, "max_saving_output": 270000000.0, "into_users": [2, 4, 8, 9]}}, {"model": "fin_product.savingoptions", "pk": 24, "fields": {"fin_prdt_cd": "01020400490001", "intr_rate_type": "S", "intr_rate_type_nm": "단리", "intr_rate": 3.5, "intr_rate2": 4.4, "save_trm": 12, "max_saving_output": 21000000.0, "into_users": [2, 3, 7, 8, 9]}}, {"model": "fin_product.savingoptions", "pk": 25, "fields": {"fin_prdt_cd": "01020400490001", "intr_rate_type": "S", "intr_rate_type_nm": "단리", "intr_rate": 3.0, "intr_rate2": 3.55, "save_trm": 6, "max_saving_output": 9000000.0, "into_users": [1, 2, 3, 4, 5, 6, 7, 10]}}, {"model": "fin_product.savingoptions", "pk": 26, "fields": {"fin_prdt_cd": "01020400490002", "intr_rate_type": "S", "intr_rate_type_nm": "단리", "intr_rate": 3.6, "intr_rate2": 4.5, "save_trm": 12, "max_saving_output": 21600000.0, "into_users": [3, 4, 5, 8, 10]}}, {"model": "fin_product.savingoptions", "pk": 27, "fields": {"fin_prdt_cd": "01020400490002", "intr_rate_type": "S", "intr_rate_type_nm": "단리", "intr_rate": 3.1, "intr_rate2": 3.65, "save_trm": 6, "max_saving_output": 9300000.0, "into_users": [4, 5]}}, {"model": "fin_product.savingoptions", "pk": 28, "fields": {"fin_prdt_cd": "01020400510001", "intr_rate_type": "S", "intr_rate_type_nm": "단리", "intr_rate": 3.35, "intr_rate2": 3.75, "save_trm": 12, "max_saving_output": 402000000.0, "into_users": [1, 2, 4, 5, 7, 10]}}, {"model": "fin_product.savingoptions", "pk": 29, "fields": {"fin_prdt_cd": "01020400510001", "intr_rate_type": "S", "intr_rate_type_nm": "단리", "intr_rate": 3.45, "intr_rate2": 3.85, "save_trm": 24, "max_saving_output": 828000000.0, "into_users": [2, 4, 6, 7, 8, 10]}}, {"model": "fin_product.savingoptions", "pk": 30, "fields": {"fin_prdt_cd": "01020400510001", "intr_rate_type": "S", "intr_rate_type_nm": "단리", "intr_rate": 3.55, "intr_rate2": 3.95, "save_trm": 36, "max_saving_output": 1278000000.0, "into_users": [1, 4, 6, 7, 8]}}, {"model": "fin_product.savingoptions", "pk": 31, "fields": {"fin_prdt_cd": "01020400510001", "intr_rate_type": "S", "intr_rate_type_nm": "단리", "intr_rate": 3.05, "intr_rate2": 3.45, "save_trm": 6, "max_saving_output": 183000000.0, "into_users": [2, 3, 4, 7, 8, 9, 10]}}, {"model": "fin_product.savingoptions", "pk": 32, "fields": {"fin_prdt_cd": "01020400530001", "intr_rate_type": "S", "intr_rate_type_nm": "단리", "intr_rate": 3.1, "intr_rate2": 3.3, "save_trm": 6, "max_saving_output": 0.0, "into_users": [1, 2, 3, 4, 7, 8, 10]}}, {"model": "fin_product.savingoptions", "pk": 33, "fields": {"fin_prdt_cd": "01020400530001", "intr_rate_type": "S", "intr_rate_type_nm": "단리", "intr_rate": 3.8, "intr_rate2": 4.0, "save_trm": 36, "max_saving_output": 0.0, "into_users": [1, 2, 8]}}, {"model": "fin_product.savingoptions", "pk": 34, "fields": {"fin_prdt_cd": "01020400530001", "intr_rate_type": "S", "intr_rate_type_nm": "단리", "intr_rate": 3.75, "intr_rate2": 3.95, "save_trm": 24, "max_saving_output": 0.0, "into_users": [1, 3, 4, 6]}}, {"model": "fin_product.savingoptions", "pk": 35, "fields": {"fin_prdt_cd": "01020400530001", "intr_rate_type": "S", "intr_rate_type_nm": "단리", "intr_rate": 3.55, "intr_rate2": 3.75, "save_trm": 12, "max_saving_output": 0.0, "into_users": [6]}}, {"model": "fin_product.savingoptions", "pk": 36, "fields": {"fin_prdt_cd": "01020400610001", "intr_rate_type": "S", "intr_rate_type_nm": "단리", "intr_rate": 2.4, "intr_rate2": 8.9, "save_trm": 12, "max_saving_output": 8640000.0, "into_users": [8]}}, {"model": "fin_product.savingoptions", "pk": 37, "fields": {"fin_prdt_cd": "01020400610001", "intr_rate_type": "S", "intr_rate_type_nm": "단리", "intr_rate": 2.45, "intr_rate2": 8.95, "save_trm": 24, "max_saving_output": 17640000.0, "into_users": [9, 10]}}, {"model": "fin_product.savingoptions", "pk": 38, "fields": {"fin_prdt_cd": "01020400610001", "intr_rate_type": "S", "intr_rate_type_nm": "단리", "intr_rate": 2.5, "intr_rate2": 9.0, "save_trm": 36, "max_saving_output": 27000000.0, "into_users": [1, 2, 3, 5, 9, 10]}}, {"model": "fin_product.savingoptions", "pk": 39, "fields": {"fin_prdt_cd": "TD11330029000", "intr_rate_type": "S", "intr_rate_type_nm": "단리", "intr_rate": 2.9, "intr_rate2": 4.1, "save_trm": 6, "max_saving_output": 87000000.0, "into_users": [1, 2, 4, 5, 6, 8, 9]}}, {"model": "fin_product.savingoptions", "pk": 40, "fields": {"fin_prdt_cd": "TD11330029000", "intr_rate_type": "S", "intr_rate_type_nm": "단리", "intr_rate": 3.3, "intr_rate2": 4.5, "save_trm": 36, "max_saving_output": 594000000.0, "into_users": [2, 3, 5, 6, 10]}}, {"model": "fin_product.savingoptions", "pk": 41, "fields": {"fin_prdt_cd": "TD11330029000", "intr_rate_type": "S", "intr_rate_type_nm": "단리", "intr_rate": 3.2, "intr_rate2": 4.4, "save_trm": 24, "max_saving_output": 384000000.0, "into_users": []}}, {"model": "fin_product.savingoptions", "pk": 42, "fields": {"fin_prdt_cd": "TD11330029000", "intr_rate_type": "S", "intr_rate_type_nm": "단리", "intr_rate": 3.1, "intr_rate2": 4.3, "save_trm": 12, "max_saving_output": 186000000.0, "into_users": [3, 9]}}, {"model": "fin_product.savingoptions", "pk": 43, "fields": {"fin_prdt_cd": "TD11330030000", "intr_rate_type": "S", "intr_rate_type_nm": "단리", "intr_rate": 3.2, "intr_rate2": 5.1, "save_trm": 12, "max_saving_output": 38400000.0, "into_users": [7]}}, {"model": "fin_product.savingoptions", "pk": 44, "fields": {"fin_prdt_cd": "TD11330031000", "intr_rate_type": "S", "intr_rate_type_nm": "단리", "intr_rate": 3.6, "intr_rate2": 4.1, "save_trm": 12, "max_saving_output": 216000000.0, "into_users": [1, 3, 4, 5, 6, 7, 8, 9, 10]}}, {"model": "fin_product.savingoptions", "pk": 45, "fields": {"fin_prdt_cd": "TD11330032000", "intr_rate_type": "S", "intr_rate_type_nm": "단리", "intr_rate": 3.2, "intr_rate2": 6.0, "save_trm": 12, "max_saving_output": 19200000.0, "into_users": [2, 3, 4, 5, 6, 7, 9, 10]}}, {"model": "fin_product.savingoptions", "pk": 46, "fields": {"fin_prdt_cd": "220002101", "intr_rate_type": "S", "intr_rate_type_nm": "단리", "intr_rate": 3.45, "intr_rate2": 5.55, "save_trm": 12, "max_saving_output": 20700000.0, "into_users": [8]}}, {"model": "fin_product.savingoptions", "pk": 47, "fields": {"fin_prdt_cd": "220002101", "intr_rate_type": "S", "intr_rate_type_nm": "단리", "intr_rate": 3.15, "intr_rate2": 5.25, "save_trm": 6, "max_saving_output": 9450000.0, "into_users": [1, 2, 3, 4, 5, 6, 7, 8, 10]}}, {"model": "fin_product.savingoptions", "pk": 48, "fields": {"fin_prdt_cd": "220002301", "intr_rate_type": "S", "intr_rate_type_nm": "단리", "intr_rate": 4.1, "intr_rate2": 5.6, "save_trm": 36, "max_saving_output": 44280000.0, "into_users": [1, 3, 4, 5, 6, 9]}}, {"model": "fin_product.savingoptions", "pk": 49, "fields": {"fin_prdt_cd": "220002301", "intr_rate_type": "S", "intr_rate_type_nm": "단리", "intr_rate": 3.9, "intr_rate2": 5.4, "save_trm": 24, "max_saving_output": 28080000.0, "into_users": [1, 3, 5, 9]}}, {"model": "fin_product.savingoptions", "pk": 50, "fields": {"fin_prdt_cd": "220002301", "intr_rate_type": "S", "intr_rate_type_nm": "단리", "intr_rate": 3.7, "intr_rate2": 5.2, "save_trm": 12, "max_saving_output": 13320000.0, "into_users": []}}, {"model": "fin_product.savingoptions", "pk": 51, "fields": {"fin_prdt_cd": "220002501", "intr_rate_type": "S", "intr_rate_type_nm": "단리", "intr_rate": 3.8, "intr_rate2": 5.4, "save_trm": 12, "max_saving_output": 13680000.0, "into_users": [1, 2, 4, 5, 7, 8, 9, 10]}}, {"model": "fin_product.savingoptions", "pk": 52, "fields": {"fin_prdt_cd": "220002501", "intr_rate_type": "S", "intr_rate_type_nm": "단리", "intr_rate": 4.0, "intr_rate2": 5.6, "save_trm": 24, "max_saving_output": 28800000.0, "into_users": [1, 3, 6, 9, 10]}}, {"model": "fin_product.savingoptions", "pk": 53, "fields": {"fin_prdt_cd": "220002701", "intr_rate_type": "S", "intr_rate_type_nm": "단리", "intr_rate": 2.5, "intr_rate2": 5.2, "save_trm": 12, "max_saving_output": 30000000.0, "into_users": [5, 7, 8, 9]}}, {"model": "fin_product.savingoptions", "pk": 54, "fields": {"fin_prdt_cd": "220002701", "intr_rate_type": "S", "intr_rate_type_nm": "단리", "intr_rate": 2.3, "intr_rate2": 5.0, "save_trm": 6, "max_saving_output": 13800000.0, "into_users": [1, 2, 3, 4, 5, 7, 8, 9, 10]}}, {"model": "fin_product.savingoptions", "pk": 55, "fields": {"fin_prdt_cd": "10-01-30-031-0018-0000", "intr_rate_type": "S", "intr_rate_type_nm": "단리", "intr_rate": 3.9, "intr_rate2": 4.0, "save_trm": 12, "max_saving_output": 468000000.0, "into_users": [1, 2, 6, 9]}}, {"model": "fin_product.savingoptions", "pk": 56, "fields": {"fin_prdt_cd": "10-01-30-031-0018-0000", "intr_rate_type": "S", "intr_rate_type_nm": "단리", "intr_rate": 3.95, "intr_rate2": 4.05, "save_trm": 24, "max_saving_output": 948000000.0, "into_users": [2, 4]}}, {"model": "fin_product.savingoptions", "pk": 57, "fields": {"fin_prdt_cd": "10-01-30-031-0018-0000", "intr_rate_type": "S", "intr_rate_type_nm": "단리", "intr_rate": 4.0, "intr_rate2": 4.1, "save_trm": 36, "max_saving_output": 1440000000.0, "into_users": [5, 7, 8, 9, 10]}}, {"model": "fin_product.savingoptions", "pk": 58, "fields": {"fin_prdt_cd": "10-01-30-031-0037-0000", "intr_rate_type": "S", "intr_rate_type_nm": "단리", "intr_rate": 1.0, "intr_rate2": 5.5, "save_trm": 12, "max_saving_output": 6000000.0, "into_users": [7, 8]}}, {"model": "fin_product.savingoptions", "pk": 59, "fields": {"fin_prdt_cd": "21000111", "intr_rate_type": "S", "intr_rate_type_nm": "단리", "intr_rate": 3.6, "intr_rate2": 4.6, "save_trm": 12, "max_saving_output": 0.0, "into_users": [1, 3, 4, 5, 6, 7, 8, 9, 10]}}, {"model": "fin_product.savingoptions", "pk": 60, "fields": {"fin_prdt_cd": "21000111", "intr_rate_type": "S", "intr_rate_type_nm": "단리", "intr_rate": 3.7, "intr_rate2": 4.7, "save_trm": 24, "max_saving_output": 0.0, "into_users": [1, 5, 8]}}, {"model": "fin_product.savingoptions", "pk": 61, "fields": {"fin_prdt_cd": "21000111", "intr_rate_type": "S", "intr_rate_type_nm": "단리", "intr_rate": 3.8, "intr_rate2": 4.8, "save_trm": 36, "max_saving_output": 0.0, "into_users": []}}, {"model": "fin_product.savingoptions", "pk": 62, "fields": {"fin_prdt_cd": "21001116", "intr_rate_type": "S", "intr_rate_type_nm": "단리", "intr_rate": 3.75, "intr_rate2": 4.45, "save_trm": 12, "max_saving_output": 225000000.0, "into_users": [4, 6]}}, {"model": "fin_product.savingoptions", "pk": 63, "fields": {"fin_prdt_cd": "21001116", "intr_rate_type": "S", "intr_rate_type_nm": "단리", "intr_rate": 3.85, "intr_rate2": 4.55, "save_trm": 24, "max_saving_output": 462000000.0, "into_users": []}}, {"model": "fin_product.savingoptions", "pk": 64, "fields": {"fin_prdt_cd": "21001116", "intr_rate_type": "S", "intr_rate_type_nm": "단리", "intr_rate": 3.45, "intr_rate2": 4.15, "save_trm": 6, "max_saving_output": 103500000.0, "into_users": [1, 3, 4, 10]}}, {"model": "fin_product.savingoptions", "pk": 65, "fields": {"fin_prdt_cd": "21001199", "intr_rate_type": "S", "intr_rate_type_nm": "단리", "intr_rate": 2.75, "intr_rate2": 6.25, "save_trm": 6, "max_saving_output": 0.0, "into_users": [1, 2, 3, 5, 6, 7, 8, 9, 10]}}, {"model": "fin_product.savingoptions", "pk": 66, "fields": {"fin_prdt_cd": "21001199", "intr_rate_type": "S", "intr_rate_type_nm": "단리", "intr_rate": 3.25, "intr_rate2": 6.75, "save_trm": 36, "max_saving_output": 0.0, "into_users": [1, 4, 5, 6, 7, 8, 10]}}, {"model": "fin_product.savingoptions", "pk": 67, "fields": {"fin_prdt_cd": "21001199", "intr_rate_type": "S", "intr_rate_type_nm": "단리", "intr_rate": 3.15, "intr_rate2": 6.65, "save_trm": 24, "max_saving_output": 0.0, "into_users": [6]}}, {"model": "fin_product.savingoptions", "pk": 68, "fields": {"fin_prdt_cd": "21001199", "intr_rate_type": "S", "intr_rate_type_nm": "단리", "intr_rate": 3.05, "intr_rate2": 6.55, "save_trm": 12, "max_saving_output": 0.0, "into_users": [5]}}, {"model": "fin_product.savingoptions", "pk": 69, "fields": {"fin_prdt_cd": "21001236", "intr_rate_type": "S", "intr_rate_type_nm": "단리", "intr_rate": 3.55, "intr_rate2": 5.15, "save_trm": 12, "max_saving_output": 0.0, "into_users": [1, 3, 4, 5, 6, 7, 8, 9, 10]}}, {"model": "fin_product.savingoptions", "pk": 70, "fields": {"fin_prdt_cd": "21001236", "intr_rate_type": "S", "intr_rate_type_nm": "단리", "intr_rate": 3.6, "intr_rate2": 5.2, "save_trm": 24, "max_saving_output": 0.0, "into_users": []}}, {"model": "fin_product.savingoptions", "pk": 71, "fields": {"fin_prdt_cd": "21001236", "intr_rate_type": "S", "intr_rate_type_nm": "단리", "intr_rate": 3.65, "intr_rate2": 5.25, "save_trm": 36, "max_saving_output": 0.0, "into_users": [1, 7]}}, {"model": "fin_product.savingoptions", "pk": 72, "fields": {"fin_prdt_cd": "21001259", "intr_rate_type": "S", "intr_rate_type_nm": "단리", "intr_rate": 3.45, "intr_rate2": 5.7, "save_trm": 6, "max_saving_output": 0.0, "into_users": [1, 2, 6, 7, 8, 9, 10]}}, {"model": "fin_product.savingoptions", "pk": 73, "fields": {"fin_prdt_cd": "01211210110", "intr_rate_type": "S", "intr_rate_type_nm": "단리", "intr_rate": 3.0, "intr_rate2": 5.8, "save_trm": 12, "max_saving_output": 10800000.0, "into_users": [2, 3, 4, 5, 7, 8, 10]}}, {"model": "fin_product.savingoptions", "pk": 74, "fields": {"fin_prdt_cd": "01211210113", "intr_rate_type": "S", "intr_rate_type_nm": "단리", "intr_rate": 3.85, "intr_rate2": 5.35, "save_trm": 12, "max_saving_output": 27720000.0, "into_users": []}}, {"model": "fin_product.savingoptions", "pk": 75, "fields": {"fin_prdt_cd": "01211210113", "intr_rate_type": "S", "intr_rate_type_nm": "단리", "intr_rate": 3.65, "intr_rate2": 5.15, "save_trm": 6, "max_saving_output": 13140000.0, "into_users": [9]}}, {"model": "fin_product.savingoptions", "pk": 76, "fields": {"fin_prdt_cd": "01211210121", "intr_rate_type": "S", "intr_rate_type_nm": "단리", "intr_rate": 3.0, "intr_rate2": 7.0, "save_trm": 12, "max_saving_output": 36000000.0, "into_users": [1, 3, 5, 10]}}, {"model": "fin_product.savingoptions", "pk": 77, "fields": {"fin_prdt_cd": "01211210122", "intr_rate_type": "S", "intr_rate_type_nm": "단리", "intr_rate": 3.5, "intr_rate2": 5.7, "save_trm": 12, "max_saving_output": 21000000.0, "into_users": [1, 2, 6, 9]}}, {"model": "fin_product.savingoptions", "pk": 78, "fields": {"fin_prdt_cd": "03010", "intr_rate_type": "S", "intr_rate_type_nm": "단리", "intr_rate": 3.68, "intr_rate2": 3.78, "save_trm": 12, "max_saving_output": 220800000.0, "into_users": [2, 3, 4, 6, 8, 9, 10]}}, {"model": "fin_product.savingoptions", "pk": 79, "fields": {"fin_prdt_cd": "03010", "intr_rate_type": "S", "intr_rate_type_nm": "단리", "intr_rate": 3.78, "intr_rate2": 3.88, "save_trm": 24, "max_saving_output": 453600000.0, "into_users": []}}, {"model": "fin_product.savingoptions", "pk": 80, "fields": {"fin_prdt_cd": "03010", "intr_rate_type": "S", "intr_rate_type_nm": "단리", "intr_rate": 3.88, "intr_rate2": 3.98, "save_trm": 36, "max_saving_output": 698400000.0, "into_users": [1, 4, 6]}}, {"model": "fin_product.savingoptions", "pk": 81, "fields": {"fin_prdt_cd": "03100", "intr_rate_type": "S", "intr_rate_type_nm": "단리", "intr_rate": 2.6, "intr_rate2": 2.6, "save_trm": 12, "max_saving_output": 0.0, "into_users": [1, 2, 3, 4, 6, 7, 8, 9, 10]}}, {"model": "fin_product.savingoptions", "pk": 82, "fields": {"fin_prdt_cd": "03100", "intr_rate_type": "S", "intr_rate_type_nm": "단리", "intr_rate": 2.7, "intr_rate2": 2.7, "save_trm": 24, "max_saving_output": 0.0, "into_users": [3, 5, 7, 8, 10]}}, {"model": "fin_product.savingoptions", "pk": 83, "fields": {"fin_prdt_cd": "03100", "intr_rate_type": "S", "intr_rate_type_nm": "단리", "intr_rate": 2.7, "intr_rate2": 2.7, "save_trm": 36, "max_saving_output": 0.0, "into_users": []}}, {"model": "fin_product.savingoptions", "pk": 84, "fields": {"fin_prdt_cd": "03100", "intr_rate_type": "S", "intr_rate_type_nm": "단리", "intr_rate": 2.5, "intr_rate2": 2.5, "save_trm": 6, "max_saving_output": 0.0, "into_users": [1, 2, 6, 7, 10]}}, {"model": "fin_product.savingoptions", "pk": 85, "fields": {"fin_prdt_cd": "03202", "intr_rate_type": "M", "intr_rate_type_nm": "복리", "intr_rate": 3.83, "intr_rate2": 3.93, "save_trm": 12, "max_saving_output": 137880000.0, "into_users": [4, 5, 8]}}, {"model": "fin_product.savingoptions", "pk": 86, "fields": {"fin_prdt_cd": "03202", "intr_rate_type": "M", "intr_rate_type_nm": "복리", "intr_rate": 3.86, "intr_rate2": 3.96, "save_trm": 24, "max_saving_output": 277920000.0, "into_users": [1, 2, 3, 5, 6, 7, 8, 9, 10]}}, {"model": "fin_product.savingoptions", "pk": 87, "fields": {"fin_prdt_cd": "03202", "intr_rate_type": "M", "intr_rate_type_nm": "복리", "intr_rate": 4.0, "intr_rate2": 4.1, "save_trm": 36, "max_saving_output": 432000000.0, "into_users": [3, 7, 8, 9]}}, {"model": "fin_product.savingoptions", "pk": 88, "fields": {"fin_prdt_cd": "010200100051", "intr_rate_type": "S", "intr_rate_type_nm": "단리", "intr_rate": 3.05, "intr_rate2": 4.25, "save_trm": 36, "max_saving_output": 0.0, "into_users": [2, 5, 6, 7, 8, 10]}}, {"model": "fin_product.savingoptions", "pk": 89, "fields": {"fin_prdt_cd": "010200100051", "intr_rate_type": "S", "intr_rate_type_nm": "단리", "intr_rate": 2.95, "intr_rate2": 3.95, "save_trm": 24, "max_saving_output": 0.0, "into_users": [1, 4]}}, {"model": "fin_product.savingoptions", "pk": 90, "fields": {"fin_prdt_cd": "010200100051", "intr_rate_type": "S", "intr_rate_type_nm": "단리", "intr_rate": 2.75, "intr_rate2": 3.65, "save_trm": 12, "max_saving_output": 0.0, "into_users": [7, 9]}}, {"model": "fin_product.savingoptions", "pk": 91, "fields": {"fin_prdt_cd": "010200100092", "intr_rate_type": "S", "intr_rate_type_nm": "단리", "intr_rate": 3.0, "intr_rate2": 4.5, "save_trm": 12, "max_saving_output": 0.0, "into_users": [2, 3, 4]}}, {"model": "fin_product.savingoptions", "pk": 92, "fields": {"fin_prdt_cd": "010200100092", "intr_rate_type": "S", "intr_rate_type_nm": "단리", "intr_rate": 3.3, "intr_rate2": 4.8, "save_trm": 24, "max_saving_output": 0.0, "into_users": [5]}}, {"model": "fin_product.savingoptions", "pk": 93, "fields": {"fin_prdt_cd": "010200100092", "intr_rate_type": "S", "intr_rate_type_nm": "단리", "intr_rate": 3.5, "intr_rate2": 5.0, "save_trm": 36, "max_saving_output": 0.0, "into_users": [1, 2, 3, 4, 5, 6, 7, 9, 10]}}, {"model": "fin_product.savingoptions", "pk": 94, "fields": {"fin_prdt_cd": "010200100104", "intr_rate_type": "S", "intr_rate_type_nm": "단리", "intr_rate": 2.0, "intr_rate2": 6.0, "save_trm": 6, "max_saving_output": 0.0, "into_users": [3, 4, 8, 10]}}, {"model": "fin_product.savingoptions", "pk": 95, "fields": {"fin_prdt_cd": "230-0119-85", "intr_rate_type": "S", "intr_rate_type_nm": "단리", "intr_rate": 3.0, "intr_rate2": 4.3, "save_trm": 12, "max_saving_output": 108000000.0, "into_users": [2, 6, 7, 8, 10]}}, {"model": "fin_product.savingoptions", "pk": 96, "fields": {"fin_prdt_cd": "230-0119-85", "intr_rate_type": "S", "intr_rate_type_nm": "단리", "intr_rate": 3.1, "intr_rate2": 4.4, "save_trm": 24, "max_saving_output": 223200000.0, "into_users": [1, 2, 4, 5, 6, 7, 8]}}, {"model": "fin_product.savingoptions", "pk": 97, "fields": {"fin_prdt_cd": "230-0119-85", "intr_rate_type": "S", "intr_rate_type_nm": "단리", "intr_rate": 3.2, "intr_rate2": 4.5, "save_trm": 36, "max_saving_output": 345600000.0, "into_users": [1, 3, 4, 7, 8, 10]}}, {"model": "fin_product.savingoptions", "pk": 98, "fields": {"fin_prdt_cd": "10-047-1360-0002", "intr_rate_type": "S", "intr_rate_type_nm": "단리", "intr_rate": 3.0, "intr_rate2": 4.7, "save_trm": 6, "max_saving_output": 27900000.0, "into_users": [2, 4]}}, {"model": "fin_product.savingoptions", "pk": 99, "fields": {"fin_prdt_cd": "10-047-1365-0001", "intr_rate_type": "M", "intr_rate_type_nm": "복리", "intr_rate": 3.0, "intr_rate2": 6.5, "save_trm": 6, "max_saving_output": 9000000.0, "into_users": [2, 3, 4, 5, 6, 7, 8, 9, 10]}}, {"model": "fin_product.savingoptions", "pk": 100, "fields": {"fin_prdt_cd": "10-047-1365-0001", "intr_rate_type": "M", "intr_rate_type_nm": "복리", "intr_rate": 3.15, "intr_rate2": 6.65, "save_trm": 24, "max_saving_output": 37800000.0, "into_users": [1, 2, 3, 4, 5, 8, 10]}}, {"model": "fin_product.savingoptions", "pk": 101, "fields": {"fin_prdt_cd": "10-047-1365-0001", "intr_rate_type": "M", "intr_rate_type_nm": "복리", "intr_rate": 3.1, "intr_rate2": 6.6, "save_trm": 12, "max_saving_output": 18600000.0, "into_users": [1, 2, 3, 5, 6, 7, 8, 9, 10]}}, {"model": "fin_product.savingoptions", "pk": 102, "fields": {"fin_prdt_cd": "10-047-1381-0001", "intr_rate_type": "S", "intr_rate_type_nm": "단리", "intr_rate": 3.1, "intr_rate2": 4.1, "save_trm": 12, "max_saving_output": 18600000.0, "into_users": [2, 7]}}, {"model": "fin_product.savingoptions", "pk": 103, "fields": {"fin_prdt_cd": "10-047-1381-0001", "intr_rate_type": "S", "intr_rate_type_nm": "단리", "intr_rate": 3.15, "intr_rate2": 4.15, "save_trm": 24, "max_saving_output": 37800000.0, "into_users": [1, 3, 5, 6, 8, 9, 10]}}, {"model": "fin_product.savingoptions", "pk": 104, "fields": {"fin_prdt_cd": "10-047-1381-0001", "intr_rate_type": "S", "intr_rate_type_nm": "단리", "intr_rate": 3.4, "intr_rate2": 4.4, "save_trm": 36, "max_saving_output": 61200000.0, "into_users": [2, 9]}}, {"model": "fin_product.savingoptions", "pk": 105, "fields": {"fin_prdt_cd": "10-047-1387-0001", "intr_rate_type": "S", "intr_rate_type_nm": "단리", "intr_rate": 3.4, "intr_rate2": 4.3, "save_trm": 12, "max_saving_output": 20400000.0, "into_users": [2, 3, 4, 5, 6, 7, 8, 10]}}, {"model": "fin_product.savingoptions", "pk": 106, "fields": {"fin_prdt_cd": "10-047-1387-0001", "intr_rate_type": "S", "intr_rate_type_nm": "단리", "intr_rate": 3.45, "intr_rate2": 4.35, "save_trm": 24, "max_saving_output": 41400000.0, "into_users": []}}, {"model": "fin_product.savingoptions", "pk": 107, "fields": {"fin_prdt_cd": "10-047-1387-0001", "intr_rate_type": "S", "intr_rate_type_nm": "단리", "intr_rate": 3.7, "intr_rate2": 4.6, "save_trm": 36, "max_saving_output": 66600000.0, "into_users": [2, 3, 4, 5, 6, 8, 10]}}, {"model": "fin_product.savingoptions", "pk": 108, "fields": {"fin_prdt_cd": "10-059-1264-0001", "intr_rate_type": "M", "intr_rate_type_nm": "복리", "intr_rate": 3.68, "intr_rate2": 4.48, "save_trm": 12, "max_saving_output": 132480000.0, "into_users": [1, 2, 3, 4, 5, 6, 7, 8, 10]}}, {"model": "fin_product.savingoptions", "pk": 109, "fields": {"fin_prdt_cd": "10-059-1264-0001", "intr_rate_type": "M", "intr_rate_type_nm": "복리", "intr_rate": 3.32, "intr_rate2": 4.12, "save_trm": 24, "max_saving_output": 239040000.0, "into_users": [4, 6]}}, {"model": "fin_product.savingoptions", "pk": 110, "fields": {"fin_prdt_cd": "10-059-1264-0001", "intr_rate_type": "M", "intr_rate_type_nm": "복리", "intr_rate": 3.42, "intr_rate2": 4.22, "save_trm": 36, "max_saving_output": 369360000.0, "into_users": [9, 10]}}, {"model": "fin_product.savingoptions", "pk": 111, "fields": {"fin_prdt_cd": "52", "intr_rate_type": "M", "intr_rate_type_nm": "복리", "intr_rate": 3.75, "intr_rate2": 4.75, "save_trm": 36, "max_saving_output": 405000000.0, "into_users": [2, 4, 6, 7, 8]}}, {"model": "fin_product.savingoptions", "pk": 112, "fields": {"fin_prdt_cd": "52", "intr_rate_type": "M", "intr_rate_type_nm": "복리", "intr_rate": 3.65, "intr_rate2": 4.65, "save_trm": 24, "max_saving_output": 262800000.0, "into_users": []}}, {"model": "fin_product.savingoptions", "pk": 113, "fields": {"fin_prdt_cd": "52", "intr_rate_type": "M", "intr_rate_type_nm": "복리", "intr_rate": 3.55, "intr_rate2": 4.55, "save_trm": 12, "max_saving_output": 127800000.0, "into_users": [1, 2, 3, 7, 9]}}, {"model": "fin_product.savingoptions", "pk": 114, "fields": {"fin_prdt_cd": "53", "intr_rate_type": "S", "intr_rate_type_nm": "단리", "intr_rate": 3.3, "intr_rate2": 3.8, "save_trm": 12, "max_saving_output": 396000000.0, "into_users": []}}, {"model": "fin_product.savingoptions", "pk": 115, "fields": {"fin_prdt_cd": "53", "intr_rate_type": "S", "intr_rate_type_nm": "단리", "intr_rate": 3.45, "intr_rate2": 3.95, "save_trm": 24, "max_saving_output": 828000000.0, "into_users": [1, 6, 9]}}, {"model": "fin_product.savingoptions", "pk": 116, "fields": {"fin_prdt_cd": "53", "intr_rate_type": "S", "intr_rate_type_nm": "단리", "intr_rate": 3.55, "intr_rate2": 4.05, "save_trm": 36, "max_saving_output": 1278000000.0, "into_users": [1, 7, 9]}}, {"model": "fin_product.savingoptions", "pk": 117, "fields": {"fin_prdt_cd": "53", "intr_rate_type": "S", "intr_rate_type_nm": "단리", "intr_rate": 3.2, "intr_rate2": 3.7, "save_trm": 6, "max_saving_output": 192000000.0, "into_users": []}}, {"model": "fin_product.savingoptions", "pk": 118, "fields": {"fin_prdt_cd": "01012000200000000003", "intr_rate_type": "S", "intr_rate_type_nm": "단리", "intr_rate": 3.6, "intr_rate2": 3.6, "save_trm": 6, "max_saving_output": 6480000.0, "into_users": [1, 2, 4, 5, 7, 8, 10]}}, {"model": "fin_product.savingoptions", "pk": 119, "fields": {"fin_prdt_cd": "01012000200000000003", "intr_rate_type": "S", "intr_rate_type_nm": "단리", "intr_rate": 4.4, "intr_rate2": 4.4, "save_trm": 36, "max_saving_output": 47520000.0, "into_users": [1, 2, 3, 4, 6, 7, 8, 9, 10]}}, {"model": "fin_product.savingoptions", "pk": 120, "fields": {"fin_prdt_cd": "01012000200000000003", "intr_rate_type": "S", "intr_rate_type_nm": "단리", "intr_rate": 4.35, "intr_rate2": 4.35, "save_trm": 24, "max_saving_output": 31320000.0, "into_users": [7]}}, {"model": "fin_product.savingoptions", "pk": 121, "fields": {"fin_prdt_cd": "01012000200000000003", "intr_rate_type": "S", "intr_rate_type_nm": "단리", "intr_rate": 4.3, "intr_rate2": 4.3, "save_trm": 12, "max_saving_output": 15480000.0, "into_users": [1, 2, 3, 4, 5, 6, 7, 8, 9]}}, {"model": "fin_product.savingoptions", "pk": 122, "fields": {"fin_prdt_cd": "01012000210000000000", "intr_rate_type": "S", "intr_rate_type_nm": "단리", "intr_rate": 4.2, "intr_rate2": 4.8, "save_trm": 12, "max_saving_output": 151200000.0, "into_users": [1, 2, 3, 4, 5, 6, 7, 9, 10]}}, {"model": "fin_product.savingoptions", "pk": 123, "fields": {"fin_prdt_cd": "01012000210000000000", "intr_rate_type": "S", "intr_rate_type_nm": "단리", "intr_rate": 4.25, "intr_rate2": 4.85, "save_trm": 24, "max_saving_output": 306000000.0, "into_users": [1, 2, 3, 4, 5, 6, 8, 9, 10]}}, {"model": "fin_product.savingoptions", "pk": 124, "fields": {"fin_prdt_cd": "01012000210000000000", "intr_rate_type": "S", "intr_rate_type_nm": "단리", "intr_rate": 4.3, "intr_rate2": 4.9, "save_trm": 36, "max_saving_output": 464400000.0, "into_users": [2, 4, 5, 9]}}, {"model": "fin_product.savingoptions", "pk": 125, "fields": {"fin_prdt_cd": "01012000210000000000", "intr_rate_type": "S", "intr_rate_type_nm": "단리", "intr_rate": 3.5, "intr_rate2": 4.1, "save_trm": 6, "max_saving_output": 63000000.0, "into_users": [1, 2, 5, 7, 8, 9, 10]}}, {"model": "fin_product.savingoptions", "pk": 126, "fields": {"fin_prdt_cd": "10140110400011", "intr_rate_type": "S", "intr_rate_type_nm": "단리", "intr_rate": 2.6, "intr_rate2": 3.8, "save_trm": 12, "max_saving_output": 31200000.0, "into_users": [1, 3, 4, 5, 9]}}, {"model": "fin_product.savingoptions", "pk": 127, "fields": {"fin_prdt_cd": "10140110400011", "intr_rate_type": "S", "intr_rate_type_nm": "단리", "intr_rate": 2.7, "intr_rate2": 3.9, "save_trm": 24, "max_saving_output": 64800000.0, "into_users": []}}, {"model": "fin_product.savingoptions", "pk": 128, "fields": {"fin_prdt_cd": "10140110400011", "intr_rate_type": "S", "intr_rate_type_nm": "단리", "intr_rate": 2.8, "intr_rate2": 4.0, "save_trm": 36, "max_saving_output": 100800000.0, "into_users": [1, 2, 3, 4, 5, 7, 8, 10]}}, {"model": "fin_product.savingoptions", "pk": 129, "fields": {"fin_prdt_cd": "10140114300011", "intr_rate_type": "S", "intr_rate_type_nm": "단리", "intr_rate": 3.3, "intr_rate2": 3.8, "save_trm": 36, "max_saving_output": 118800000.0, "into_users": [1, 2, 4, 5, 6, 7, 9, 10]}}, {"model": "fin_product.savingoptions", "pk": 130, "fields": {"fin_prdt_cd": "10140114300011", "intr_rate_type": "S", "intr_rate_type_nm": "단리", "intr_rate": 3.0, "intr_rate2": 3.5, "save_trm": 24, "max_saving_output": 72000000.0, "into_users": [1, 2, 3, 4, 6, 7, 8, 9]}}, {"model": "fin_product.savingoptions", "pk": 131, "fields": {"fin_prdt_cd": "10140114300011", "intr_rate_type": "S", "intr_rate_type_nm": "단리", "intr_rate": 3.5, "intr_rate2": 4.0, "save_trm": 12, "max_saving_output": 42000000.0, "into_users": [3, 4, 5, 6, 9, 10]}}, {"model": "fin_product.savingoptions", "pk": 132, "fields": {"fin_prdt_cd": "10140114700031", "intr_rate_type": "S", "intr_rate_type_nm": "단리", "intr_rate": 2.9, "intr_rate2": 3.8, "save_trm": 12, "max_saving_output": 17400000.0, "into_users": [1, 2, 3, 4, 5, 6, 7, 10]}}, {"model": "fin_product.savingoptions", "pk": 133, "fields": {"fin_prdt_cd": "10140114700031", "intr_rate_type": "S", "intr_rate_type_nm": "단리", "intr_rate": 2.8, "intr_rate2": 3.7, "save_trm": 6, "max_saving_output": 8400000.0, "into_users": [6, 7, 8]}}, {"model": "fin_product.savingoptions", "pk": 134, "fields": {"fin_prdt_cd": "10141109800021", "intr_rate_type": "M", "intr_rate_type_nm": "복리", "intr_rate": 2.2, "intr_rate2": 2.9, "save_trm": 12, "max_saving_output": 26400000.0, "into_users": [1, 2, 3, 4, 6, 7]}}, {"model": "fin_product.savingoptions", "pk": 135, "fields": {"fin_prdt_cd": "10141109800021", "intr_rate_type": "M", "intr_rate_type_nm": "복리", "intr_rate": 1.8, "intr_rate2": 2.5, "save_trm": 24, "max_saving_output": 43200000.0, "into_users": []}}, {"model": "fin_product.savingoptions", "pk": 136, "fields": {"fin_prdt_cd": "10141109800021", "intr_rate_type": "M", "intr_rate_type_nm": "복리", "intr_rate": 1.9, "intr_rate2": 2.6, "save_trm": 36, "max_saving_output": 68400000.0, "into_users": [1, 2, 3, 5, 6, 8, 9, 10]}}, {"model": "fin_product.savingoptions", "pk": 137, "fields": {"fin_prdt_cd": "10141114300011", "intr_rate_type": "S", "intr_rate_type_nm": "단리", "intr_rate": 3.15, "intr_rate2": 3.65, "save_trm": 12, "max_saving_output": 7560000.0, "into_users": [6]}}, {"model": "fin_product.savingoptions", "pk": 138, "fields": {"fin_prdt_cd": "10141114300011", "intr_rate_type": "S", "intr_rate_type_nm": "단리", "intr_rate": 2.35, "intr_rate2": 2.85, "save_trm": 24, "max_saving_output": 11280000.0, "into_users": []}}, {"model": "fin_product.savingoptions", "pk": 139, "fields": {"fin_prdt_cd": "10141114300011", "intr_rate_type": "S", "intr_rate_type_nm": "단리", "intr_rate": 2.35, "intr_rate2": 2.85, "save_trm": 36, "max_saving_output": 16920000.0, "into_users": [3, 5, 6, 8]}}, {"model": "fin_product.savingoptions", "pk": 140, "fields": {"fin_prdt_cd": "10141114700031", "intr_rate_type": "S", "intr_rate_type_nm": "단리", "intr_rate": 2.9, "intr_rate2": 3.8, "save_trm": 12, "max_saving_output": 17400000.0, "into_users": [5, 9]}}, {"model": "fin_product.savingoptions", "pk": 141, "fields": {"fin_prdt_cd": "10141114700031", "intr_rate_type": "S", "intr_rate_type_nm": "단리", "intr_rate": 2.8, "intr_rate2": 3.7, "save_trm": 6, "max_saving_output": 8400000.0, "into_users": [1, 3]}}, {"model": "fin_product.savingoptions", "pk": 142, "fields": {"fin_prdt_cd": "10141116600001", "intr_rate_type": "S", "intr_rate_type_nm": "단리", "intr_rate": 3.0, "intr_rate2": 7.0, "save_trm": 12, "max_saving_output": 10800000.0, "into_users": [1, 2, 3, 7, 8, 9]}}, {"model": "fin_product.savingoptions", "pk": 143, "fields": {"fin_prdt_cd": "10-01-30-355-0002", "intr_rate_type": "S", "intr_rate_type_nm": "단리", "intr_rate": 4.0, "intr_rate2": 4.2, "save_trm": 12, "max_saving_output": 0.0, "into_users": [3]}}, {"model": "fin_product.savingoptions", "pk": 144, "fields": {"fin_prdt_cd": "10-01-30-355-0002", "intr_rate_type": "S", "intr_rate_type_nm": "단리", "intr_rate": 4.0, "intr_rate2": 4.2, "save_trm": 24, "max_saving_output": 0.0, "into_users": [2, 3, 4, 5, 9]}}, {"model": "fin_product.savingoptions", "pk": 145, "fields": {"fin_prdt_cd": "10-01-30-355-0002", "intr_rate_type": "S", "intr_rate_type_nm": "단리", "intr_rate": 4.0, "intr_rate2": 4.2, "save_trm": 36, "max_saving_output": 0.0, "into_users": [1, 2, 4, 5, 6, 7, 8, 9, 10]}}, {"model": "fin_product.savingoptions", "pk": 146, "fields": {"fin_prdt_cd": "10-01-30-355-0002", "intr_rate_type": "S", "intr_rate_type_nm": "단리", "intr_rate": 3.7, "intr_rate2": 3.9, "save_trm": 6, "max_saving_output": 0.0, "into_users": [1, 6, 7, 8]}}, {"model": "fin_product.savingoptions", "pk": 147, "fields": {"fin_prdt_cd": "10-01-30-355-0005", "intr_rate_type": "S", "intr_rate_type_nm": "단리", "intr_rate": 3.0, "intr_rate2": 6.0, "save_trm": 6, "max_saving_output": 0.0, "into_users": [2, 4, 5, 6, 7, 9]}}, {"model": "fin_product.savingoptions", "pk": 148, "fields": {"fin_prdt_cd": "1001303001001", "intr_rate_type": "S", "intr_rate_type_nm": "단리", "intr_rate": 2.0, "intr_rate2": 4.5, "save_trm": 6, "max_saving_output": 12000000.0, "into_users": [3, 5, 6, 7, 8, 9]}}, {"model": "fin_product.savingoptions", "pk": 149, "fields": {"fin_prdt_cd": "1001303001003", "intr_rate_type": "S", "intr_rate_type_nm": "단리", "intr_rate": 2.0, "intr_rate2": 5.0, "save_trm": 6, "max_saving_output": 3600000.0, "into_users": [3]}}, {"model": "fin_product.savingoptions", "pk": 150, "fields": {"fin_prdt_cd": "1001303001004", "intr_rate_type": "S", "intr_rate_type_nm": "단리", "intr_rate": 3.0, "intr_rate2": 5.0, "save_trm": 12, "max_saving_output": 108000000.0, "into_users": [1, 2, 5, 6, 8, 9]}}, {"model": "fin_product.savingoptions", "pk": 151, "fields": {"fin_prdt_cd": "1001303001004", "intr_rate_type": "S", "intr_rate_type_nm": "단리", "intr_rate": 3.0, "intr_rate2": 5.0, "save_trm": 24, "max_saving_output": 216000000.0, "into_users": [2, 3, 4, 5, 6, 7, 8, 9, 10]}}, {"model": "fin_product.savingoptions", "pk": 152, "fields": {"fin_prdt_cd": "1001303001004", "intr_rate_type": "S", "intr_rate_type_nm": "단리", "intr_rate": 3.0, "intr_rate2": 5.0, "save_trm": 36, "max_saving_output": 324000000.0, "into_users": [1, 2, 3, 5, 7, 9]}}, {"model": "fin_product.savingoptions", "pk": 153, "fields": {"fin_prdt_cd": "1001303001004", "intr_rate_type": "S", "intr_rate_type_nm": "단리", "intr_rate": 2.0, "intr_rate2": 4.0, "save_trm": 6, "max_saving_output": 36000000.0, "into_users": [1, 4, 5, 7, 8, 9]}}, {"model": "fin_product.savingoptions", "pk": 154, "fields": {"fin_prdt_cd": "1001303001005", "intr_rate_type": "S", "intr_rate_type_nm": "단리", "intr_rate": 3.0, "intr_rate2": 5.5, "save_trm": 12, "max_saving_output": 7200000.0, "into_users": [2, 3, 6, 7, 9, 10]}}, {"model": "recommend.userprofile", "pk": 1, "fields": {"user": 1, "nickname": "첫 번째 유저", "birth": "1998-10-21T00:00:00Z", "monthly_income": null, "assets": null, "age": 25, "age_group": 2, "monthly_income_group": null, "assets_group": null}}, {"model": "recommend.userprofile", "pk": 2, "fields": {"user": 2, "nickname": "unknown2", "birth": "1998-11-21T00:00:00Z", "monthly_income": "412412", "assets": "314432", "age": 25, "age_group": 2, "monthly_income_group": "0.00", "assets_group": 0}}, {"model": "recommend.userprofile", "pk": 3, "fields": {"user": 3, "nickname": "unknown3", "birth": null, "monthly_income": null, "assets": null, "age": null, "age_group": null, "monthly_income_group": null, "assets_group": null}}, {"model": "recommend.userprofile", "pk": 4, "fields": {"user": 4, "nickname": "unknown4", "birth": null, "monthly_income": null, "assets": null, "age": null, "age_group": null, "monthly_income_group": null, "assets_group": null}}, {"model": "recommend.userprofile", "pk": 5, "fields": {"user": 5, "nickname": "unknown5", "birth": null, "monthly_income": null, "assets": null, "age": null, "age_group": null, "monthly_income_group": null, "assets_group": null}}, {"model": "recommend.userprofile", "pk": 6, "fields": {"user": 6, "nickname": "unknown6", "birth": null, "monthly_income": null, "assets": null, "age": null, "age_group": null, "monthly_income_group": null, "assets_group": null}}, {"model": "recommend.userprofile", "pk": 7, "fields": {"user": 7, "nickname": "unknown7", "birth": null, "monthly_income": null, "assets": null, "age": null, "age_group": null, "monthly_income_group": null, "assets_group": null}}, {"model": "recommend.userprofile", "pk": 8, "fields": {"user": 8, "nickname": "unknown8", "birth": null, "monthly_income": null, "assets": null, "age": null, "age_group": null, "monthly_income_group": null, "assets_group": null}}, {"model": "recommend.userprofile", "pk": 9, "fields": {"user": 9, "nickname": "unknown9", "birth": null, "monthly_income": null, "assets": null, "age": null, "age_group": null, "monthly_income_group": null, "assets_group": null}}, {"model": "recommend.userprofile", "pk": 10, "fields": {"user": 10, "nickname": "unknown10", "birth": null, "monthly_income": null, "assets": null, "age": null, "age_group": null, "monthly_income_group": null, "assets_group": null}}, {"model": "recommend.travel", "pk": 1, "fields": {"country": "Korea", "when": ",1,2,3,4,5,6,7,8,9,10,11,12,", "cost": 300000, "img_url": "http://imgnews.naver.net/image/091/2023/11/21/PEP20231121141501009_P2_20231121225505986.jpg"}}, {"model": "recommend.travel", "pk": 2, "fields": {"country": "UAE", "when": ",11,12,1,2,3,4,", "cost": 2000000, "img_url": "http://imgnews.naver.net/image/001/2023/11/07/AKR20231107076400009_01_i_P4_20231107114209649.jpg"}}, {"model": "recommend.travel", "pk": 3, "fields": {"country": "Australia", "when": ",1,2,3,4,5,9,10,11,12,", "cost": 2000000, "img_url": "http://imgnews.naver.net/image/077/2023/11/20/PAP20231120261001009_P2_20231120174705203.jpg"}}, {"model": "recommend.travel", "pk": 4, "fields": {"country": "Bahrain", "when": ",11,12,1,2,", "cost": 1500000, "img_url": "http://imgnews.naver.net/image/091/2023/10/17/PEP20231017013001009_P2_20231017051611296.jpg"}}, {"model": "recommend.travel", "pk": 5, "fields": {"country": "Brunei-Darussalam", "when": ",2,3,4,5,", "cost": 1600000, "img_url": "http://imgnews.naver.net/image/091/2019/05/24/PEP20190524171801848_P2_20190524183725892.jpg"}}, {"model": "recommend.travel", "pk": 6, "fields": {"country": "Canada", "when": ",6,7,8,9,10,", "cost": 3000000, "img_url": "https://i.pinimg.com/736x/20/91/6b/20916b2e36e0e187268632176a85504f.jpg"}}, {"model": "recommend.travel", "pk": 7, "fields": {"country": "Swiss", "when": ",6,7,8,9,", "cost": 2000000, "img_url": "https://i.pinimg.com/736x/b3/ce/02/b3ce029693f98049cee44dbba9ed4971.jpg"}}, {"model": "recommend.travel", "pk": 8, "fields": {"country": "China", "when": ",4,5,9,10,11,", "cost": 1000000, "img_url": "http://imgnews.naver.net/image/001/2023/11/16/AEN20231115010900315_01_i_20231116010010812.jpg"}}, {"model": "recommend.travel", "pk": 9, "fields": {"country": "Denmark", "when": ",5,6,7,8,", "cost": 2000000, "img_url": "https://render.fineartamerica.com/images/rendered/default/throw-pillow/images-medium-5/nyhavn-copenhagen-denmark-kateryna-negoda.jpg?&targetx=-119&targety=0&imagewidth=718&imageheight=479&modelwidth=479&modelheight=479&backgroundcolor=8DB3D0&orientation=0&producttype=throwpillow-14-14"}}, {"model": "recommend.travel", "pk": 10, "fields": {"country": "EU", "when": ",4,5,6,7,8,9,10,11,12,1,2,", "cost": 5000000, "img_url": "http://imgnews.naver.net/image/5002/2023/11/20/0002473602_001_20231120143801034.jpg"}}, {"model": "recommend.travel", "pk": 11, "fields": {"country": "UK", "when": ",3,4,5,6,7,8,9,", "cost": 3000000, "img_url": "http://shop1.phinf.naver.net/20230614_271/1686704974491x4hKr_JPEG/5267472186661323_1784372718.jpg"}}, {"model": "recommend.travel", "pk": 12, "fields": {"country": "HongKong", "when": ",1,2,3,4,10,11,", "cost": 1000000, "img_url": "https://i.pinimg.com/736x/e4/9f/c1/e49fc18ef4159d2413b7f13b4e0776c8.jpg"}}, {"model": "recommend.travel", "pk": 13, "fields": {"country": "Indonesia", "when": ",3,4,5,6,7,8,9,", "cost": 1000000, "img_url": "http://imgnews.naver.net/image/077/2023/11/18/PAP20231118157001009_P2_20231118174305561.jpg"}}, {"model": "recommend.travel", "pk": 14, "fields": {"country": "Japan", "when": ",3,4,9,10,11,", "cost": 700000, "img_url": "http://imgnews.naver.net/image/077/2023/11/16/PAP20231116182001009_P2_20231116135214899.jpg"}}, {"model": "recommend.travel", "pk": 15, "fields": {"country": "Kuwait", "when": ",10,11,12,", "cost": 1800000, "img_url": "http://imgnews.naver.net/image/077/2023/08/29/PAP20230829215501009_P2_20230829224104957.jpg"}}, {"model": "recommend.travel", "pk": 16, "fields": {"country": "Malaysia", "when": ",12,1,2,3,", "cost": 900000, "img_url": "https://www.scmp.com/sites/default/files/styles/486w/public/2014/05/07/malaysia_map_0705.jpg?itok=rubMxO8Q"}}, {"model": "recommend.travel", "pk": 17, "fields": {"country": "Norway", "when": ",5,6,7,8,9,", "cost": 2000000, "img_url": "https://i.pinimg.com/736x/52/d7/f7/52d7f70b0111877439e0ee7e1bd2e318.jpg"}}, {"model": "recommend.travel", "pk": 18, "fields": {"country": "New-Zealand", "when": ",12,1,2,3,4,5,9,10,11,", "cost": 3000000, "img_url": "https://i.pinimg.com/736x/42/c1/ba/42c1baaa6ed622e7daa8999ec6ca7c25.jpg"}}, {"model": "recommend.travel", "pk": 19, "fields": {"country": "Saudi-Arabia", "when": ",11,1,2,", "cost": 4000000, "img_url": "http://imgnews.naver.net/image/091/2023/09/16/PEP20230916091701009_P2_20230916074210365.jpg"}}, {"model": "recommend.travel", "pk": 20, "fields": {"country": "Sweden", "when": ",3,4,5,6,7,8,9,10,11,", "cost": 2000000, "img_url": "https://i.pinimg.com/736x/0d/dd/75/0ddd7523fa88f832a974b6a1b8f8a058.jpg"}}, {"model": "recommend.travel", "pk": 21, "fields": {"country": "Singapore", "when": ",2,3,4,", "cost": 1200000, "img_url": "https://i.pinimg.com/736x/d9/3d/76/d93d7624cccbccc9e7d2558ed40ef700.jpg"}}, {"model": "recommend.travel", "pk": 22, "fields": {"country": "Thailand", "when": ",11,12,1,2,3,4,", "cost": 1000000, "img_url": "https://i.pinimg.com/736x/32/8c/4e/328c4efc50e5bcc8e7e78bdb10c6f346.jpg"}}, {"model": "recommend.travel", "pk": 23, "fields": {"country": "USA", "when": ",3,4,5,9,10,", "cost": 3000000, "img_url": "http://shop1.phinf.naver.net/20231120_89/1700440570335LNTSj_PNG/13805507188266132_2101332733.png"}}, {"model": "authtoken.token", "pk": "8d812c084861320b7a77b08265e2306e04bedc69", "fields": {"user": 1, "created": "2023-11-21T00:21:49.747Z"}}, {"model": "authtoken.token", "pk": "93b287a5547af0fdaca36022262bf5269c507c3a", "fields": {"user": 3, "created": "2023-11-21T06:13:39.422Z"}}, {"model": "authtoken.token", "pk": "c59593de3a86894ec49a40e857663576c11f859c", "fields": {"user": 2, "created": "2023-11-21T02:57:10.123Z"}}, {"model": "sites.site", "pk": 1, "fields": {"domain": "example.com", "name": "example.com"}}, {"model": "auth.permission", "pk": 1, "fields": {"name": "Can add user", "content_type": 1, "codename": "add_user"}}, {"model": "auth.permission", "pk": 2, "fields": {"name": "Can change user", "content_type": 1, "codename": "change_user"}}, {"model": "auth.permission", "pk": 3, "fields": {"name": "Can delete user", "content_type": 1, "codename": "delete_user"}}, {"model": "auth.permission", "pk": 4, "fields": {"name": "Can view user", "content_type": 1, "codename": "view_user"}}, {"model": "auth.permission", "pk": 5, "fields": {"name": "Can add post", "content_type": 2, "codename": "add_post"}}, {"model": "auth.permission", "pk": 6, "fields": {"name": "Can change post", "content_type": 2, "codename": "change_post"}}, {"model": "auth.permission", "pk": 7, "fields": {"name": "Can delete post", "content_type": 2, "codename": "delete_post"}}, {"model": "auth.permission", "pk": 8, "fields": {"name": "Can view post", "content_type": 2, "codename": "view_post"}}, {"model": "auth.permission", "pk": 9, "fields": {"name": "Can add notify", "content_type": 3, "codename": "add_notify"}}, {"model": "auth.permission", "pk": 10, "fields": {"name": "Can change notify", "content_type": 3, "codename": "change_notify"}}, {"model": "auth.permission", "pk": 11, "fields": {"name": "Can delete notify", "content_type": 3, "codename": "delete_notify"}}, {"model": "auth.permission", "pk": 12, "fields": {"name": "Can view notify", "content_type": 3, "codename": "view_notify"}}, {"model": "auth.permission", "pk": 13, "fields": {"name": "Can add comment", "content_type": 4, "codename": "add_comment"}}, {"model": "auth.permission", "pk": 14, "fields": {"name": "Can change comment", "content_type": 4, "codename": "change_comment"}}, {"model": "auth.permission", "pk": 15, "fields": {"name": "Can delete comment", "content_type": 4, "codename": "delete_comment"}}, {"model": "auth.permission", "pk": 16, "fields": {"name": "Can view comment", "content_type": 4, "codename": "view_comment"}}, {"model": "auth.permission", "pk": 17, "fields": {"name": "Can add exchange info", "content_type": 5, "codename": "add_exchangeinfo"}}, {"model": "auth.permission", "pk": 18, "fields": {"name": "Can change exchange info", "content_type": 5, "codename": "change_exchangeinfo"}}, {"model": "auth.permission", "pk": 19, "fields": {"name": "Can delete exchange info", "content_type": 5, "codename": "delete_exchangeinfo"}}, {"model": "auth.permission", "pk": 20, "fields": {"name": "Can view exchange info", "content_type": 5, "codename": "view_exchangeinfo"}}, {"model": "auth.permission", "pk": 21, "fields": {"name": "Can add deposit products", "content_type": 6, "codename": "add_depositproducts"}}, {"model": "auth.permission", "pk": 22, "fields": {"name": "Can change deposit products", "content_type": 6, "codename": "change_depositproducts"}}, {"model": "auth.permission", "pk": 23, "fields": {"name": "Can delete deposit products", "content_type": 6, "codename": "delete_depositproducts"}}, {"model": "auth.permission", "pk": 24, "fields": {"name": "Can view deposit products", "content_type": 6, "codename": "view_depositproducts"}}, {"model": "auth.permission", "pk": 25, "fields": {"name": "Can add saving products", "content_type": 7, "codename": "add_savingproducts"}}, {"model": "auth.permission", "pk": 26, "fields": {"name": "Can change saving products", "content_type": 7, "codename": "change_savingproducts"}}, {"model": "auth.permission", "pk": 27, "fields": {"name": "Can delete saving products", "content_type": 7, "codename": "delete_savingproducts"}}, {"model": "auth.permission", "pk": 28, "fields": {"name": "Can view saving products", "content_type": 7, "codename": "view_savingproducts"}}, {"model": "auth.permission", "pk": 29, "fields": {"name": "Can add saving options", "content_type": 8, "codename": "add_savingoptions"}}, {"model": "auth.permission", "pk": 30, "fields": {"name": "Can change saving options", "content_type": 8, "codename": "change_savingoptions"}}, {"model": "auth.permission", "pk": 31, "fields": {"name": "Can delete saving options", "content_type": 8, "codename": "delete_savingoptions"}}, {"model": "auth.permission", "pk": 32, "fields": {"name": "Can view saving options", "content_type": 8, "codename": "view_savingoptions"}}, {"model": "auth.permission", "pk": 33, "fields": {"name": "Can add saving debate", "content_type": 9, "codename": "add_savingdebate"}}, {"model": "auth.permission", "pk": 34, "fields": {"name": "Can change saving debate", "content_type": 9, "codename": "change_savingdebate"}}, {"model": "auth.permission", "pk": 35, "fields": {"name": "Can delete saving debate", "content_type": 9, "codename": "delete_savingdebate"}}, {"model": "auth.permission", "pk": 36, "fields": {"name": "Can view saving debate", "content_type": 9, "codename": "view_savingdebate"}}, {"model": "auth.permission", "pk": 37, "fields": {"name": "Can add deposit options", "content_type": 10, "codename": "add_depositoptions"}}, {"model": "auth.permission", "pk": 38, "fields": {"name": "Can change deposit options", "content_type": 10, "codename": "change_depositoptions"}}, {"model": "auth.permission", "pk": 39, "fields": {"name": "Can delete deposit options", "content_type": 10, "codename": "delete_depositoptions"}}, {"model": "auth.permission", "pk": 40, "fields": {"name": "Can view deposit options", "content_type": 10, "codename": "view_depositoptions"}}, {"model": "auth.permission", "pk": 41, "fields": {"name": "Can add deposit debate", "content_type": 11, "codename": "add_depositdebate"}}, {"model": "auth.permission", "pk": 42, "fields": {"name": "Can change deposit debate", "content_type": 11, "codename": "change_depositdebate"}}, {"model": "auth.permission", "pk": 43, "fields": {"name": "Can delete deposit debate", "content_type": 11, "codename": "delete_depositdebate"}}, {"model": "auth.permission", "pk": 44, "fields": {"name": "Can view deposit debate", "content_type": 11, "codename": "view_depositdebate"}}, {"model": "auth.permission", "pk": 45, "fields": {"name": "Can add travel", "content_type": 12, "codename": "add_travel"}}, {"model": "auth.permission", "pk": 46, "fields": {"name": "Can change travel", "content_type": 12, "codename": "change_travel"}}, {"model": "auth.permission", "pk": 47, "fields": {"name": "Can delete travel", "content_type": 12, "codename": "delete_travel"}}, {"model": "auth.permission", "pk": 48, "fields": {"name": "Can view travel", "content_type": 12, "codename": "view_travel"}}, {"model": "auth.permission", "pk": 49, "fields": {"name": "Can add user profile", "content_type": 13, "codename": "add_userprofile"}}, {"model": "auth.permission", "pk": 50, "fields": {"name": "Can change user profile", "content_type": 13, "codename": "change_userprofile"}}, {"model": "auth.permission", "pk": 51, "fields": {"name": "Can delete user profile", "content_type": 13, "codename": "delete_userprofile"}}, {"model": "auth.permission", "pk": 52, "fields": {"name": "Can view user profile", "content_type": 13, "codename": "view_userprofile"}}, {"model": "auth.permission", "pk": 53, "fields": {"name": "Can add Token", "content_type": 14, "codename": "add_token"}}, {"model": "auth.permission", "pk": 54, "fields": {"name": "Can change Token", "content_type": 14, "codename": "change_token"}}, {"model": "auth.permission", "pk": 55, "fields": {"name": "Can delete Token", "content_type": 14, "codename": "delete_token"}}, {"model": "auth.permission", "pk": 56, "fields": {"name": "Can view Token", "content_type": 14, "codename": "view_token"}}, {"model": "auth.permission", "pk": 57, "fields": {"name": "Can add token", "content_type": 15, "codename": "add_tokenproxy"}}, {"model": "auth.permission", "pk": 58, "fields": {"name": "Can change token", "content_type": 15, "codename": "change_tokenproxy"}}, {"model": "auth.permission", "pk": 59, "fields": {"name": "Can delete token", "content_type": 15, "codename": "delete_tokenproxy"}}, {"model": "auth.permission", "pk": 60, "fields": {"name": "Can view token", "content_type": 15, "codename": "view_tokenproxy"}}, {"model": "auth.permission", "pk": 61, "fields": {"name": "Can add site", "content_type": 16, "codename": "add_site"}}, {"model": "auth.permission", "pk": 62, "fields": {"name": "Can change site", "content_type": 16, "codename": "change_site"}}, {"model": "auth.permission", "pk": 63, "fields": {"name": "Can delete site", "content_type": 16, "codename": "delete_site"}}, {"model": "auth.permission", "pk": 64, "fields": {"name": "Can view site", "content_type": 16, "codename": "view_site"}}, {"model": "auth.permission", "pk": 65, "fields": {"name": "Can add email address", "content_type": 17, "codename": "add_emailaddress"}}, {"model": "auth.permission", "pk": 66, "fields": {"name": "Can change email address", "content_type": 17, "codename": "change_emailaddress"}}, {"model": "auth.permission", "pk": 67, "fields": {"name": "Can delete email address", "content_type": 17, "codename": "delete_emailaddress"}}, {"model": "auth.permission", "pk": 68, "fields": {"name": "Can view email address", "content_type": 17, "codename": "view_emailaddress"}}, {"model": "auth.permission", "pk": 69, "fields": {"name": "Can add email confirmation", "content_type": 18, "codename": "add_emailconfirmation"}}, {"model": "auth.permission", "pk": 70, "fields": {"name": "Can change email confirmation", "content_type": 18, "codename": "change_emailconfirmation"}}, {"model": "auth.permission", "pk": 71, "fields": {"name": "Can delete email confirmation", "content_type": 18, "codename": "delete_emailconfirmation"}}, {"model": "auth.permission", "pk": 72, "fields": {"name": "Can view email confirmation", "content_type": 18, "codename": "view_emailconfirmation"}}, {"model": "auth.permission", "pk": 73, "fields": {"name": "Can add social account", "content_type": 19, "codename": "add_socialaccount"}}, {"model": "auth.permission", "pk": 74, "fields": {"name": "Can change social account", "content_type": 19, "codename": "change_socialaccount"}}, {"model": "auth.permission", "pk": 75, "fields": {"name": "Can delete social account", "content_type": 19, "codename": "delete_socialaccount"}}, {"model": "auth.permission", "pk": 76, "fields": {"name": "Can view social account", "content_type": 19, "codename": "view_socialaccount"}}, {"model": "auth.permission", "pk": 77, "fields": {"name": "Can add social application", "content_type": 20, "codename": "add_socialapp"}}, {"model": "auth.permission", "pk": 78, "fields": {"name": "Can change social application", "content_type": 20, "codename": "change_socialapp"}}, {"model": "auth.permission", "pk": 79, "fields": {"name": "Can delete social application", "content_type": 20, "codename": "delete_socialapp"}}, {"model": "auth.permission", "pk": 80, "fields": {"name": "Can view social application", "content_type": 20, "codename": "view_socialapp"}}, {"model": "auth.permission", "pk": 81, "fields": {"name": "Can add social application token", "content_type": 21, "codename": "add_socialtoken"}}, {"model": "auth.permission", "pk": 82, "fields": {"name": "Can change social application token", "content_type": 21, "codename": "change_socialtoken"}}, {"model": "auth.permission", "pk": 83, "fields": {"name": "Can delete social application token", "content_type": 21, "codename": "delete_socialtoken"}}, {"model": "auth.permission", "pk": 84, "fields": {"name": "Can view social application token", "content_type": 21, "codename": "view_socialtoken"}}, {"model": "auth.permission", "pk": 85, "fields": {"name": "Can add log entry", "content_type": 22, "codename": "add_logentry"}}, {"model": "auth.permission", "pk": 86, "fields": {"name": "Can change log entry", "content_type": 22, "codename": "change_logentry"}}, {"model": "auth.permission", "pk": 87, "fields": {"name": "Can delete log entry", "content_type": 22, "codename": "delete_logentry"}}, {"model": "auth.permission", "pk": 88, "fields": {"name": "Can view log entry", "content_type": 22, "codename": "view_logentry"}}, {"model": "auth.permission", "pk": 89, "fields": {"name": "Can add permission", "content_type": 23, "codename": "add_permission"}}, {"model": "auth.permission", "pk": 90, "fields": {"name": "Can change permission", "content_type": 23, "codename": "change_permission"}}, {"model": "auth.permission", "pk": 91, "fields": {"name": "Can delete permission", "content_type": 23, "codename": "delete_permission"}}, {"model": "auth.permission", "pk": 92, "fields": {"name": "Can view permission", "content_type": 23, "codename": "view_permission"}}, {"model": "auth.permission", "pk": 93, "fields": {"name": "Can add group", "content_type": 24, "codename": "add_group"}}, {"model": "auth.permission", "pk": 94, "fields": {"name": "Can change group", "content_type": 24, "codename": "change_group"}}, {"model": "auth.permission", "pk": 95, "fields": {"name": "Can delete group", "content_type": 24, "codename": "delete_group"}}, {"model": "auth.permission", "pk": 96, "fields": {"name": "Can view group", "content_type": 24, "codename": "view_group"}}, {"model": "auth.permission", "pk": 97, "fields": {"name": "Can add content type", "content_type": 25, "codename": "add_contenttype"}}, {"model": "auth.permission", "pk": 98, "fields": {"name": "Can change content type", "content_type": 25, "codename": "change_contenttype"}}, {"model": "auth.permission", "pk": 99, "fields": {"name": "Can delete content type", "content_type": 25, "codename": "delete_contenttype"}}, {"model": "auth.permission", "pk": 100, "fields": {"name": "Can view content type", "content_type": 25, "codename": "view_contenttype"}}, {"model": "auth.permission", "pk": 101, "fields": {"name": "Can add session", "content_type": 26, "codename": "add_session"}}, {"model": "auth.permission", "pk": 102, "fields": {"name": "Can change session", "content_type": 26, "codename": "change_session"}}, {"model": "auth.permission", "pk": 103, "fields": {"name": "Can delete session", "content_type": 26, "codename": "delete_session"}}, {"model": "auth.permission", "pk": 104, "fields": {"name": "Can view session", "content_type": 26, "codename": "view_session"}}, {"model": "contenttypes.contenttype", "pk": 1, "fields": {"app_label": "accounts", "model": "user"}}, {"model": "contenttypes.contenttype", "pk": 2, "fields": {"app_label": "community", "model": "post"}}, {"model": "contenttypes.contenttype", "pk": 3, "fields": {"app_label": "community", "model": "notify"}}, {"model": "contenttypes.contenttype", "pk": 4, "fields": {"app_label": "community", "model": "comment"}}, {"model": "contenttypes.contenttype", "pk": 5, "fields": {"app_label": "exchange_info", "model": "exchangeinfo"}}, {"model": "contenttypes.contenttype", "pk": 6, "fields": {"app_label": "fin_product", "model": "depositproducts"}}, {"model": "contenttypes.contenttype", "pk": 7, "fields": {"app_label": "fin_product", "model": "savingproducts"}}, {"model": "contenttypes.contenttype", "pk": 8, "fields": {"app_label": "fin_product", "model": "savingoptions"}}, {"model": "contenttypes.contenttype", "pk": 9, "fields": {"app_label": "fin_product", "model": "savingdebate"}}, {"model": "contenttypes.contenttype", "pk": 10, "fields": {"app_label": "fin_product", "model": "depositoptions"}}, {"model": "contenttypes.contenttype", "pk": 11, "fields": {"app_label": "fin_product", "model": "depositdebate"}}, {"model": "contenttypes.contenttype", "pk": 12, "fields": {"app_label": "recommend", "model": "travel"}}, {"model": "contenttypes.contenttype", "pk": 13, "fields": {"app_label": "recommend", "model": "userprofile"}}, {"model": "contenttypes.contenttype", "pk": 14, "fields": {"app_label": "authtoken", "model": "token"}}, {"model": "contenttypes.contenttype", "pk": 15, "fields": {"app_label": "authtoken", "model": "tokenproxy"}}, {"model": "contenttypes.contenttype", "pk": 16, "fields": {"app_label": "sites", "model": "site"}}, {"model": "contenttypes.contenttype", "pk": 17, "fields": {"app_label": "account", "model": "emailaddress"}}, {"model": "contenttypes.contenttype", "pk": 18, "fields": {"app_label": "account", "model": "emailconfirmation"}}, {"model": "contenttypes.contenttype", "pk": 19, "fields": {"app_label": "socialaccount", "model": "socialaccount"}}, {"model": "contenttypes.contenttype", "pk": 20, "fields": {"app_label": "socialaccount", "model": "socialapp"}}, {"model": "contenttypes.contenttype", "pk": 21, "fields": {"app_label": "socialaccount", "model": "socialtoken"}}, {"model": "contenttypes.contenttype", "pk": 22, "fields": {"app_label": "admin", "model": "logentry"}}, {"model": "contenttypes.contenttype", "pk": 23, "fields": {"app_label": "auth", "model": "permission"}}, {"model": "contenttypes.contenttype", "pk": 24, "fields": {"app_label": "auth", "model": "group"}}, {"model": "contenttypes.contenttype", "pk": 25, "fields": {"app_label": "contenttypes", "model": "contenttype"}}, {"model": "contenttypes.contenttype", "pk": 26, "fields": {"app_label": "sessions", "model": "session"}}, {"model": "sessions.session", "pk": "1oea9grikdsfnhdb0bixtnagaqqft0g7", "fields": {"session_data": ".eJxVjEEOgjAQRe_StWlKGYbi0r1nIH-YIqhpEwor492VhIVu_3vvv0yPbZ36rcSln9WcTW1Ov5tgeMS0A70j3bIdclqXWeyu2IMWe80an5fD_TuYUKZvzYRYsTQBLpBy66QR7z0Luc4pamkpchDShoKqwqMFKAJM4zB2lXl_ANuQOFE:1r5LW6:hohHeD-i3PWWV60hEtIDXZKRhIA0DCv_86ZqI4qPIpk", "expire_date": "2023-12-05T07:49:54.102Z"}}, {"model": "sessions.session", "pk": "24lggsiub9wsljkom1vwfia0ftqe72an", "fields": {"session_data": ".eJxVjMsOwiAQRf-FtSFQGB4u3fsNhGFAqgaS0q6M_65NutDtPefcFwtxW2vYRl7CTOzMJDv9bhjTI7cd0D22W-ept3WZke8KP-jg1075eTncv4MaR_3Wk9aueIwIwhNqiyr7nElKKSwKryejSDk0BZJX1kgAT8aBiAoklKTY-wPVkzcb:1r5G4e:gKp63Mw05UgwXG72bo3XV3htGIQYxbz6sLdqZrcn5Vk", "expire_date": "2023-12-05T02:01:12.127Z"}}, {"model": "sessions.session", "pk": "2kiiejy6hwn4nv3sri33im1wdwvvdtao", "fields": {"session_data": ".eJxVjDsOwjAQBe_iGln-k6Wk5wzW2rvBAWRLcVIh7k4ipYB2Zt57i4jrUuLaeY4TiYsw4vTLEuYn113QA-u9ydzqMk9J7ok8bJe3Rvy6Hu3fQcFetvWokBkh4OCU9dnasw4GHLlgFSBy0DZ7HwbKHp2GjRGATxqsUybgKD5fz7Y3Eg:1r5fEt:LWwA7f7SEiZCoFrVlRMZgmmNyxjRK-xFkdch-xoPOQs", "expire_date": "2023-12-06T04:53:27.762Z"}}, {"model": "sessions.session", "pk": "31704c1kola5ooae9cxlwv7phzew50l3", "fields": {"session_data": ".eJxVjDsOwjAQBe_iGln-k6Wk5wzW2rvBAWRLcVIh7k4ipYB2Zt57i4jrUuLaeY4TiYsw4vTLEuYn113QA-u9ydzqMk9J7ok8bJe3Rvy6Hu3fQcFetvWokBkh4OCU9dnasw4GHLlgFSBy0DZ7HwbKHp2GjRGATxqsUybgKD5fz7Y3Eg:1r5eBT:o54ezyr-kBpGZsRFzppMeYSN32SOXpK-yYUnCerK6PA", "expire_date": "2023-12-06T03:45:51.376Z"}}, {"model": "sessions.session", "pk": "6399zw8jf7sxuerl88zrup96fnzx5lby", "fields": {"session_data": ".eJxVjMsOwiAQRf-FtSFQGB4u3fsNhGFAqgaS0q6M_65NutDtPefcFwtxW2vYRl7CTOzMJDv9bhjTI7cd0D22W-ept3WZke8KP-jg1075eTncv4MaR_3Wk9aueIwIwhNqiyr7nElKKSwKryejSDk0BZJX1kgAT8aBiAoklKTY-wPVkzcb:1r5GyN:s52QLqTViifqqbhW679ouuEr8vv6dGh1chhFVR7sfmM", "expire_date": "2023-12-05T02:58:47.692Z"}}, {"model": "sessions.session", "pk": "7fnem79pah7tmfx3ul6nplpg10wx5gen", "fields": {"session_data": ".eJxVjMsOwiAQRf-FtSFQGB4u3fsNhGFAqgaS0q6M_65NutDtPefcFwtxW2vYRl7CTOzMJDv9bhjTI7cd0D22W-ept3WZke8KP-jg1075eTncv4MaR_3Wk9aueIwIwhNqiyr7nElKKSwKryejSDk0BZJX1kgAT8aBiAoklKTY-wPVkzcb:1r5G5f:SGffrGYbhzlMAfZPOCEJ2eMofG4qEQNHvErBM0sWEbY", "expire_date": "2023-12-05T02:02:15.056Z"}}, {"model": "sessions.session", "pk": "92cyuyfpp113rz6xhoweat7v3z7hh6aj", "fields": {"session_data": ".eJxVjMsOwiAQRf-FtSFQGB4u3fsNhGFAqgaS0q6M_65NutDtPefcFwtxW2vYRl7CTOzMJDv9bhjTI7cd0D22W-ept3WZke8KP-jg1075eTncv4MaR_3Wk9aueIwIwhNqiyr7nElKKSwKryejSDk0BZJX1kgAT8aBiAoklKTY-wPVkzcb:1r5fR7:bkussCT3-l81y7Viw5TO05sxhBnA8oVs1QXkkb9yfCY", "expire_date": "2023-12-06T05:06:05.935Z"}}, {"model": "sessions.session", "pk": "bcnvn9wvggyxed364upxb11w8kxs65lr", "fields": {"session_data": ".eJxVjDsOwjAQBe_iGln-k6Wk5wzW2rvBAWRLcVIh7k4ipYB2Zt57i4jrUuLaeY4TiYsw4vTLEuYn113QA-u9ydzqMk9J7ok8bJe3Rvy6Hu3fQcFetvWokBkh4OCU9dnasw4GHLlgFSBy0DZ7HwbKHp2GjRGATxqsUybgKD5fz7Y3Eg:1r5gQq:01kypgNFVMp9autb7TdiSWfYptCzgCtIVgcnlAqM_0c", "expire_date": "2023-12-06T06:09:52.211Z"}}, {"model": "sessions.session", "pk": "c61kpf0nztskpxe3u2754oavswo2u22b", "fields": {"session_data": ".eJxVjMsOwiAQRf-FtSFQGB4u3fsNhGFAqgaS0q6M_65NutDtPefcFwtxW2vYRl7CTOzMJDv9bhjTI7cd0D22W-ept3WZke8KP-jg1075eTncv4MaR_3Wk9aueIwIwhNqiyr7nElKKSwKryejSDk0BZJX1kgAT8aBiAoklKTY-wPVkzcb:1r5fSl:4TOMCmSm0nX7bQZAKtUfIxNtcCNQPt5Kutyqr99Z7OU", "expire_date": "2023-12-06T05:07:47.856Z"}}, {"model": "sessions.session", "pk": "cak5vp2mt27jt1flr97s7pnib5i3jvq5", "fields": {"session_data": ".eJxVjMEOwiAQBf-Fc0NKBYQevfsNZLssFkVI2uLF-O-2pjHpdWbeezNALDUv7kVTDJG8oyfExPpcU2r-ts40sZ4Ba5iDuow_4KJfmWiPcAB8UN6Mv0O-FY4lL1Mc-Jbw3c78Wjyly94eDkaYx3XdKiuCRK1bQyjlKRitzl5rskNAK8FaKRFVZ1QnTgrRCq0ASSsjCTow7PMFsixJUg:1r5KjQ:yJSuvcjmy59RpaCDJGdjB4T48b0ZgjyvU1y8iUJAhbI", "expire_date": "2023-12-05T06:59:36.358Z"}}, {"model": "sessions.session", "pk": "cfvmovy1sq64w4g9ksgwfkcqlldoo4lh", "fields": {"session_data": ".eJxVjMsOwiAQRf-FtSFQGB4u3fsNhGFAqgaS0q6M_65NutDtPefcFwtxW2vYRl7CTOzMJDv9bhjTI7cd0D22W-ept3WZke8KP-jg1075eTncv4MaR_3Wk9aueIwIwhNqiyr7nElKKSwKryejSDk0BZJX1kgAT8aBiAoklKTY-wPVkzcb:1r5fOS:rIGGVg1fvH99-Bzd7tagdWvlySzodIfUhX9J0vDG_F8", "expire_date": "2023-12-06T05:03:20.201Z"}}, {"model": "sessions.session", "pk": "cocht7o19dazcocaoqohtrdf3j4v7drd", "fields": {"session_data": ".eJxVjMsOwiAQRf-FtSFQGB4u3fsNhGFAqgaS0q6M_65NutDtPefcFwtxW2vYRl7CTOzMJDv9bhjTI7cd0D22W-ept3WZke8KP-jg1075eTncv4MaR_3Wk9aueIwIwhNqiyr7nElKKSwKryejSDk0BZJX1kgAT8aBiAoklKTY-wPVkzcb:1r5fQP:UBTodYmIWrdnPyL-kItfPTsisvIjPwCwNNpWiz14bps", "expire_date": "2023-12-06T05:05:21.940Z"}}, {"model": "sessions.session", "pk": "csbgbmx3x2eq4c1ko0hcrsoihav3tn0m", "fields": {"session_data": ".eJxljEEOgjAQRe_SNSGlDqWwdO8ZmmlnkGptE6BujHdXDDExbt97_z8Eep9LWu2d5zAGJss3DFEMqcRYfW1ZeBaDOIhKWCzr9AE20D9z6K-cNkEXTOdc-5zWObh6S-rdLvUpE8fj3v4cTLhM77UG5Ea71qA0QLqTrnVKKe1A9pLw4DpgbRxQC4aIUGGHCIyoYfRj34jnC2_CSeM:1r5K0s:pQDfROFV0saoWpXmcpAoUkCKL_IToCcwSFC_bcfeKeU", "expire_date": "2023-12-05T06:13:34.817Z"}}, {"model": "sessions.session", "pk": "d6ip45nh33a266mvij0truein8wtkjyv", "fields": {"session_data": ".eJxVjMsOwiAQRf-FtSFQGB4u3fsNhGFAqgaS0q6M_65NutDtPefcFwtxW2vYRl7CTOzMJDv9bhjTI7cd0D22W-ept3WZke8KP-jg1075eTncv4MaR_3Wk9aueIwIwhNqiyr7nElKKSwKryejSDk0BZJX1kgAT8aBiAoklKTY-wPVkzcb:1r5G7s:7TCPaIydIvNh3lURz4NZYCH0D3_BOYpxduotqgEG6dQ", "expire_date": "2023-12-05T02:04:32.758Z"}}, {"model": "sessions.session", "pk": "extmpnt1527lthuqtskhnxr4slja7rqx", "fields": {"session_data": ".eJxVjMsOwiAQRf-FtSFQGB4u3fsNhGFAqgaS0q6M_65NutDtPefcFwtxW2vYRl7CTOzMJDv9bhjTI7cd0D22W-ept3WZke8KP-jg1075eTncv4MaR_3Wk9aueIwIwhNqiyr7nElKKSwKryejSDk0BZJX1kgAT8aBiAoklKTY-wPVkzcb:1r5hHi:OlYWi8rysbIUeh3yFs_Cpw28NazhqFvHKuBPR4JL5Ik", "expire_date": "2023-12-06T07:04:30.182Z"}}, {"model": "sessions.session", "pk": "g5grgx7maq65z9wctlookq6l8r8q1eo5", "fields": {"session_data": ".eJxVjMsOwiAQRf-FtSFQGB4u3fsNhGFAqgaS0q6M_65NutDtPefcFwtxW2vYRl7CTOzMJDv9bhjTI7cd0D22W-ept3WZke8KP-jg1075eTncv4MaR_3Wk9aueIwIwhNqiyr7nElKKSwKryejSDk0BZJX1kgAT8aBiAoklKTY-wPVkzcb:1r5fJa:s5BtVSgP0A69NSfvCE4IwMrJJD3t8HHnB2azduR1aJs", "expire_date": "2023-12-06T04:58:18.815Z"}}, {"model": "sessions.session", "pk": "gy7eghydg4mjtktv012fpk00oiztlpnu", "fields": {"session_data": ".eJxVjMsOwiAQRf-FtSFQGB4u3fsNhGFAqgaS0q6M_65NutDtPefcFwtxW2vYRl7CTOzMJDv9bhjTI7cd0D22W-ept3WZke8KP-jg1075eTncv4MaR_3Wk9aueIwIwhNqiyr7nElKKSwKryejSDk0BZJX1kgAT8aBiAoklKTY-wPVkzcb:1r5G1a:LTvhG6PlrW24jfg7s2o3Xt2HiGInDFjKpfnaJlr3t-4", "expire_date": "2023-12-05T01:58:02.097Z"}}, {"model": "sessions.session", "pk": "ivdmqlyqg5xp98f1ppvn0l5litye47pl", "fields": {"session_data": ".eJxVjDsOwjAQBe_iGln-k6Wk5wzW2rvBAWRLcVIh7k4ipYB2Zt57i4jrUuLaeY4TiYsw4vTLEuYn113QA-u9ydzqMk9J7ok8bJe3Rvy6Hu3fQcFetvWokBkh4OCU9dnasw4GHLlgFSBy0DZ7HwbKHp2GjRGATxqsUybgKD5fz7Y3Eg:1r5Gwo:Qio9enSoulX1IeyE0ADpXmQjV6QVdT0gCiGTocEAsdM", "expire_date": "2023-12-05T02:57:10.139Z"}}, {"model": "sessions.session", "pk": "j51kudmjav69b4d71yyxlqoed6tj2lf0", "fields": {"session_data": ".eJxVjMsOwiAQRf-FtSFQGB4u3fsNhGFAqgaS0q6M_65NutDtPefcFwtxW2vYRl7CTOzMJDv9bhjTI7cd0D22W-ept3WZke8KP-jg1075eTncv4MaR_3Wk9aueIwIwhNqiyr7nElKKSwKryejSDk0BZJX1kgAT8aBiAoklKTY-wPVkzcb:1r5hI9:E915lZ8eBrECtvQUxftySIu4QiovpGz4Wb-gPoIXilE", "expire_date": "2023-12-06T07:04:57.804Z"}}, {"model": "sessions.session", "pk": "j9nnp0ov8axwn390wyjc5pg9on91wp63", "fields": {"session_data": ".eJxVjMsOwiAQRf-FtSFQGB4u3fsNhGFAqgaS0q6M_65NutDtPefcFwtxW2vYRl7CTOzMJDv9bhjTI7cd0D22W-ept3WZke8KP-jg1075eTncv4MaR_3Wk9aueIwIwhNqiyr7nElKKSwKryejSDk0BZJX1kgAT8aBiAoklKTY-wPVkzcb:1r5EWT:Mxw6IdC3akOAURBP8ITNrzHKFY1BnLPmX6qouV4oVJE", "expire_date": "2023-12-05T00:21:49.772Z"}}, {"model": "sessions.session", "pk": "jz4dm0gh81mxmd2lf1fk3q4uvlxnvhbc", "fields": {"session_data": ".eJxVjMsOwiAQRf-FtSFQGB4u3fsNhGFAqgaS0q6M_65NutDtPefcFwtxW2vYRl7CTOzMJDv9bhjTI7cd0D22W-ept3WZke8KP-jg1075eTncv4MaR_3Wk9aueIwIwhNqiyr7nElKKSwKryejSDk0BZJX1kgAT8aBiAoklKTY-wPVkzcb:1r5G6L:7lBW3bdeHm166Zq8INONB3rDUfDbs7lpHTaStlYmDgY", "expire_date": "2023-12-05T02:02:57.327Z"}}, {"model": "sessions.session", "pk": "kp5cjejjn1btmazu2czytq6jccoftvpf", "fields": {"session_data": ".eJxVjMsOwiAQRf-FtSFQGB4u3fsNhGFAqgaS0q6M_65NutDtPefcFwtxW2vYRl7CTOzMJDv9bhjTI7cd0D22W-ept3WZke8KP-jg1075eTncv4MaR_3Wk9aueIwIwhNqiyr7nElKKSwKryejSDk0BZJX1kgAT8aBiAoklKTY-wPVkzcb:1r5GE6:HWcW7CWm1gvOkPpz3WIzcK41ZX2DCQhUFDnmENV0ucI", "expire_date": "2023-12-05T02:10:58.653Z"}}, {"model": "sessions.session", "pk": "mf6ia4qhp6fleaywcw2jw6zcgyxxrly2", "fields": {"session_data": ".eJxVjEEOgjAQRe_StWlKGYbi0r1nIH-YIqhpEwor492VhIVu_3vvv0yPbZ36rcSln9WcTW1Ov5tgeMS0A70j3bIdclqXWeyu2IMWe80an5fD_TuYUKZvzYRYsTQBLpBy66QR7z0Luc4pamkpchDShoKqwqMFKAJM4zB2lXl_ANuQOFE:1r5K0x:t2nh1UcziHuVuFuOy41HdbmrIG9k7g5wW3kLuEKCUk8", "expire_date": "2023-12-05T06:13:39.438Z"}}, {"model": "sessions.session", "pk": "nd7z62744htw7sbx3zcf1l4xcklt9r6d", "fields": {"session_data": ".eJxljMsOgjAQRf-la0Ja-gKX7v2GZtoZpFrbBKgb478rhpgYt-ecex8MQig1r-5OcxwjoaMbxMQOuabUfG1daGYHZlnDHNR1-gAX8Z95CFfKm8AL5HNpQ8nrHH27Je1ul_ZUkNJxb38OJlim91qRtcJyGXjvwaAZofd26EB6UhKHYFB7KUhgB1pZrgMCRxR6BKN6C8CeL4L_Se0:1r5Kip:pez7me2txonYY5Aza-7ekMo1Ggc3NRzhLYr-egCgqyg", "expire_date": "2023-12-05T06:58:59.724Z"}}, {"model": "sessions.session", "pk": "njgp4sxmiphv5b34l6mt7vax7lmm7m44", "fields": {"session_data": ".eJxljMsOwiAQRf-FdUN4lLbj0r3fQGCYWhQhaYsb479rTWNi3J5z7n0wh1hqXu2d5jhGCpZuLiZ2yDWl5mvrQjM7MMMaZl1dpw-wMfwz7_BKeRPh4vK5cCx5naPnW8J3u_BTCZSOe_tzMLlleq-lQYKBBIjB6Ba0JNlR0GoArzCQ8Qa08Ao8jL1oUerQG03tqJwA6HzHni9dV0i7:1r5KiY:IYCp-S-o4lyyxYuOEIHwAarhpYu9-PdYGbSyVscDkoo", "expire_date": "2023-12-05T06:58:42.134Z"}}, {"model": "sessions.session", "pk": "no0l1nq8xfoqhz01i1evdxn7sgu3ns1y", "fields": {"session_data": ".eJxljMsOwiAQRf-FdUOgDygu3fsNZIAZiyIkbXFj_HetaUyM23POvQ8G3peaV3vHOVLEYPEGMbFDrik1X1sXnNmBKdYwC3WdPsDG8M8c-CvmTYQL5HPhvuR1jo5vCd_twk8lYDru7c_BBMv0XreI0jgt-rHTBnXopJRK9kFLDYGM6Ym6USlHY6taIhIERgxD79wQFKJgzxdlsElU:1r5Kig:dlq2nvzDjG_5Jp5g4cX_ihClg8BoHF2A5KnZQLmCBgQ", "expire_date": "2023-12-05T06:58:50.813Z"}}, {"model": "sessions.session", "pk": "rk38h813gsrxej9tu3ljp4gjkgu96730", "fields": {"session_data": ".eJxljMsOwiAQRf9l1g2B8rC4dO83kClMLYqQtMWN8d9tTWNi3J5z7n0Cel9qXtyDpjhECo7uGBMcc02p-do60wRHaKEBh3UZP8DF8M969DfKmwhXzJfCfMnLFHu2JWy3MzuXQOm0tz8HI87juh44EqE12CkutZfyIExrVVBGcotIRkivtemC16iEXVmwVvfCSsVbgwO83mM7SKM:1r5Gwh:XAK30Kjz2g67CYtWHDfh3NimZ3XkahmBvTP1HGyzOjA", "expire_date": "2023-12-05T02:57:03.962Z"}}, {"model": "sessions.session", "pk": "tgmq6rfcg51t9v1640q2lbe74rtwuh44", "fields": {"session_data": ".eJxVjMsOwiAQRf-FtSFQGB4u3fsNhGFAqgaS0q6M_65NutDtPefcFwtxW2vYRl7CTOzMJDv9bhjTI7cd0D22W-ept3WZke8KP-jg1075eTncv4MaR_3Wk9aueIwIwhNqiyr7nElKKSwKryejSDk0BZJX1kgAT8aBiAoklKTY-wPVkzcb:1r5g5I:vE-6VLnRZ1SPQ7q6pnItxkvi8sYWLCTmoWZ2UnRoalQ", "expire_date": "2023-12-06T05:47:36.711Z"}}, {"model": "sessions.session", "pk": "u2l05k9eb5aag1hzd3q4np4e7zbau3c6", "fields": {"session_data": ".eJxVjMsOwiAQRf-FtSFQGB4u3fsNhGFAqgaS0q6M_65NutDtPefcFwtxW2vYRl7CTOzMJDv9bhjTI7cd0D22W-ept3WZke8KP-jg1075eTncv4MaR_3Wk9aueIwIwhNqiyr7nElKKSwKryejSDk0BZJX1kgAT8aBiAoklKTY-wPVkzcb:1r5fLH:e3A4-YI5IuV1L0nu6JUoU5H5agoCLyL4VR0vDrO4WJA", "expire_date": "2023-12-06T05:00:03.266Z"}}, {"model": "sessions.session", "pk": "uh8kmab1ynvcv4g2sdwjxt93vg0ksw80", "fields": {"session_data": ".eJxVjMsOwiAQRf-FtSFQGB4u3fsNhGFAqgaS0q6M_65NutDtPefcFwtxW2vYRl7CTOzMJDv9bhjTI7cd0D22W-ept3WZke8KP-jg1075eTncv4MaR_3Wk9aueIwIwhNqiyr7nElKKSwKryejSDk0BZJX1kgAT8aBiAoklKTY-wPVkzcb:1r5hJm:O7-ERTkpbNB8sr_4aEgwgtw875Ots6vOBMrm6Q0wUic", "expire_date": "2023-12-06T07:06:38.828Z"}}, {"model": "sessions.session", "pk": "v4cub9vowvpq2x5sb34dvm9dalmpngux", "fields": {"session_data": ".eJxljMsOwiAURP-FddMUKI926d5vIBe4WBQhaYsb47_bmsbEOMs5Z-ZJwLlS82oeOMcQ0Ru8Q0xkzDWl5kvrgjMZyUAaYqCu06cw0f93FtwN8w78FfKltK7kdY623ZX2oEt7Lh7T6XB_DiZYpm2thgDMcmsZs6yjvXI0QKeE3qIUOIEgJKWKKwlBqk4HDgwt9kJKzbUjrzdvgEjq:1r5KjB:l_3N2I8QBoYpF9BTykH-oeKDtcVI6n_n39cxZ2f9QZ0", "expire_date": "2023-12-05T06:59:21.717Z"}}, {"model": "sessions.session", "pk": "xy832jvevudqnpn8ebajat0os791dccx", "fields": {"session_data": ".eJxljMsOwiAQRf-FdUNKpTy6dO83kCkzWBQhaYsb479rTWNi3J5z7n0w8L7UvLo7zTFEQkc3iIkNuabUfG1daGYDM6xhDuo6fYCL-M9G8FfKm8AL5HPhvuR1jiPfEr7bhZ8KUjru7c_BBMv0XgcyxveBlFCmk6BaE4w6dBoAgvYHK6xUqkcrvA5SAmnqjCJUiF6LFi17vgB97kmY:1r5Kiy:IYuJo-IiDqbb7-RqM1p02FdMfqU-Cpnvz_zp16aY0Sk", "expire_date": "2023-12-05T06:59:08.986Z"}}, {"model": "sessions.session", "pk": "y4ynz5a3sixu55dt0sux0wsa6awua8ak", "fields": {"session_data": ".eJxVjMsOwiAQRf-FtSFQGB4u3fsNhGFAqgaS0q6M_65NutDtPefcFwtxW2vYRl7CTOzMJDv9bhjTI7cd0D22W-ept3WZke8KP-jg1075eTncv4MaR_3Wk9aueIwIwhNqiyr7nElKKSwKryejSDk0BZJX1kgAT8aBiAoklKTY-wPVkzcb:1r5fNg:viFg3k4i8T0TPvC1C8jzC7tUT8yidZCwbrBCaFLUf_E", "expire_date": "2023-12-06T05:02:32.151Z"}}, {"model": "sessions.session", "pk": "z2qnupz1935ke6dda5xeoqmj40cjffnl", "fields": {"session_data": ".eJxVjDsOwjAQBe_iGln-k6Wk5wzW2rvBAWRLcVIh7k4ipYB2Zt57i4jrUuLaeY4TiYsw4vTLEuYn113QA-u9ydzqMk9J7ok8bJe3Rvy6Hu3fQcFetvWokBkh4OCU9dnasw4GHLlgFSBy0DZ7HwbKHp2GjRGATxqsUybgKD5fz7Y3Eg:1r5Kkg:m2-sWUb3vK50DmGDMgYgrWVN9FRBaiV9L9RqZaJ4iSs", "expire_date": "2023-12-05T07:00:54.303Z"}}, {"model": "sessions.session", "pk": "zpq1krnxbz1pptrm1u8u4s14sk223wcm", "fields": {"session_data": ".eJxljMEOwiAQBf-Fc9NALQV69O43EJZlLYqQtMWL8d-1pjExXmfmvQdz3peaV3sPc6QY0Iabi4mNuabUfG1dwsxG1rOGWVfX6QNsxH8Gzl9D3gReXD6X1pe8zhHaLWl3u7SngiEd9_bnYHLL9F4TIJHvSEmBxI3oJQpSIHUwABpVR8IfNBpQg-GCOy4AfN8B8UFqbQb2fAGig0nU:1r5KiN:hJdlmNaD_DAUuZ_ImzdysWPTUYYPNYc4Myq2M-EYrcs", "expire_date": "2023-12-05T06:58:31.883Z"}}]